instance,seed,n,t,candidate_count,score,checkpoint,spearman_rho,spearman_pvalue_descriptive_only
n4_t2_s20264923,20264923,4,2,12,delta_B,1,0.8741258741258742,0.00020071307332423182
n4_t2_s20264923,20264923,4,2,12,delta_B,5,0.8251748251748254,0.0009513628555555001
n4_t2_s20264923,20264923,4,2,12,delta_B,20,0.9020979020979022,5.9978574465376914e-05
n4_t2_s20264923,20264923,4,2,12,delta_B,50,0.1958041958041958,0.5419358857313173
n4_t2_s20264923,20264923,4,2,12,pauli_score,1,0.8881118881118882,0.00011413359814618021
n4_t2_s20264923,20264923,4,2,12,pauli_score,5,0.8251748251748254,0.0009513628555555001
n4_t2_s20264923,20264923,4,2,12,pauli_score,20,0.9020979020979022,5.9978574465376914e-05
n4_t2_s20264923,20264923,4,2,12,pauli_score,50,0.1958041958041958,0.5419358857313173
n4_t2_s20264923,20264923,4,2,12,osr_score,1,0.06175085395451111,0.8488049851796222
n4_t2_s20264923,20264923,4,2,12,osr_score,5,0.003632403173794771,0.9910610400737766
n4_t2_s20264923,20264923,4,2,12,osr_score,20,0.06175085395451111,0.8488049851796222
n4_t2_s20264923,20264923,4,2,12,osr_score,50,-0.058118450780716334,0.8576163116918764
n4_t2_s20264924,20264924,4,2,12,delta_B,1,0.9698217796385984,1.8739092820086162e-07
n4_t2_s20264924,20264924,4,2,12,delta_B,5,0.8898205903916986,0.00010599541411963578
n4_t2_s20264924,20264924,4,2,12,delta_B,20,0.811516378437229,0.0013523247674009696
n4_t2_s20264924,20264924,4,2,12,delta_B,50,0.5338923542350191,0.0737924589866295
n4_t2_s20264924,20264924,4,2,12,pauli_score,1,0.9211923058649254,2.0949776212051884e-05
n4_t2_s20264924,20264924,4,2,12,pauli_score,5,0.8391608391608393,0.0006428259886278203
n4_t2_s20264924,20264924,4,2,12,pauli_score,20,0.7832167832167832,0.00258621483336259
n4_t2_s20264924,20264924,4,2,12,pauli_score,50,0.4895104895104896,0.10625237175934595
n4_t2_s20264924,20264924,4,2,12,osr_score,1,0.8075126549670607,0.0014914258594119374
n4_t2_s20264924,20264924,4,2,12,osr_score,5,0.8952619508193509,8.306402625443958e-05
n4_t2_s20264924,20264924,4,2,12,osr_score,20,0.662348272557406,0.01893363484885733
n4_t2_s20264924,20264924,4,2,12,osr_score,50,0.7242159683457351,0.007732519494271762
n4_t2_s20264925,20264925,4,2,12,delta_B,1,0.9370629370629372,6.9931649532105415e-06
n4_t2_s20264925,20264925,4,2,12,delta_B,5,0.9090909090909092,4.191044653034231e-05
n4_t2_s20264925,20264925,4,2,12,delta_B,20,0.9370629370629372,6.9931649532105415e-06
n4_t2_s20264925,20264925,4,2,12,delta_B,50,0.5594405594405596,0.05858947538856764
n4_t2_s20264925,20264925,4,2,12,pauli_score,1,0.9317002028900007,1.0429359329413034e-05
n4_t2_s20264925,20264925,4,2,12,pauli_score,5,0.9071817764981585,4.6346851365162816e-05
n4_t2_s20264925,20264925,4,2,12,pauli_score,20,0.9352028352316923,8.063834068683715e-06
n4_t2_s20264925,20264925,4,2,12,pauli_score,50,0.5639238070123688,0.056167175387398065
n4_t2_s20264925,20264925,4,2,12,osr_score,1,-0.44643106892408296,0.14571777279942696
n4_t2_s20264925,20264925,4,2,12,osr_score,5,-0.1292300462674977,0.6889489124490648
n4_t2_s20264925,20264925,4,2,12,osr_score,20,-0.23496372048635947,0.4622730237637203
n4_t2_s20264925,20264925,4,2,12,osr_score,50,0.29370465060794937,0.35415045993495425
n4_t2_s20264926,20264926,4,2,12,delta_B,1,0.9160839160839163,2.8428045348547132e-05
n4_t2_s20264926,20264926,4,2,12,delta_B,5,0.8951048951048951,8.366586429091718e-05
n4_t2_s20264926,20264926,4,2,12,delta_B,20,0.9440559440559443,3.927261080965947e-06
n4_t2_s20264926,20264926,4,2,12,delta_B,50,0.3846153846153847,0.21702022575997731
n4_t2_s20264926,20264926,4,2,12,pauli_score,1,0.9230769230769231,1.8621951098680993e-05
n4_t2_s20264926,20264926,4,2,12,pauli_score,5,0.8881118881118882,0.00011413359814618021
n4_t2_s20264926,20264926,4,2,12,pauli_score,20,0.9370629370629372,6.9931649532105415e-06
n4_t2_s20264926,20264926,4,2,12,pauli_score,50,0.37762237762237766,0.22620604493502647
n4_t2_s20264926,20264926,4,2,12,osr_score,1,0.38721866819294826,0.21365914254038837
n4_t2_s20264926,20264926,4,2,12,osr_score,5,0.36570651996000664,0.24238621334242494
n4_t2_s20264926,20264926,4,2,12,osr_score,20,0.40873081642588976,0.18709775305028123
n4_t2_s20264926,20264926,4,2,12,osr_score,50,0.3226822234941235,0.30631615889032565
n4_t2_s20264927,20264927,4,2,12,delta_B,1,0.965034965034965,3.880985299627466e-07
n4_t2_s20264927,20264927,4,2,12,delta_B,5,0.9160839160839163,2.8428045348547132e-05
n4_t2_s20264927,20264927,4,2,12,delta_B,20,0.7202797202797203,0.008239768712338435
n4_t2_s20264927,20264927,4,2,12,delta_B,50,0.14685314685314685,0.6487957097846665
n4_t2_s20264927,20264927,4,2,12,pauli_score,1,0.9720279720279721,1.2868115751495027e-07
n4_t2_s20264927,20264927,4,2,12,pauli_score,5,0.9300699300699302,1.1702227928659685e-05
n4_t2_s20264927,20264927,4,2,12,pauli_score,20,0.7272727272727274,0.0073550288578051294
n4_t2_s20264927,20264927,4,2,12,pauli_score,50,0.17482517482517487,0.5868236643627043
n4_t2_s20264927,20264927,4,2,12,osr_score,1,0.007144497649540143,0.982419034375535
n4_t2_s20264927,20264927,4,2,12,osr_score,5,0.10716746474310214,0.7402646261347784
n4_t2_s20264927,20264927,4,2,12,osr_score,20,0.15717894828988313,0.6256539998524266
n4_t2_s20264927,20264927,4,2,12,osr_score,50,0.100022967093562,0.7571038161600496
n6_t3_s20267023,20267023,6,3,12,delta_B,1,0.7202797202797203,0.008239768712338435
n6_t3_s20267023,20267023,6,3,12,delta_B,5,0.7972027972027973,0.0019003677255282697
n6_t3_s20267023,20267023,6,3,12,delta_B,20,0.8741258741258742,0.00020071307332423182
n6_t3_s20267023,20267023,6,3,12,delta_B,50,0.5944055944055945,0.04152149441031857
n6_t3_s20267023,20267023,6,3,12,pauli_score,1,0.6993006993006995,0.01137419864269093
n6_t3_s20267023,20267023,6,3,12,pauli_score,5,0.7552447552447553,0.004508435484294223
n6_t3_s20267023,20267023,6,3,12,pauli_score,20,0.8181818181818183,0.0011431050868040606
n6_t3_s20267023,20267023,6,3,12,pauli_score,50,0.5594405594405596,0.05858947538856764
n6_t3_s20267023,20267023,6,3,12,osr_score,1,-0.10526380587337558,0.744741546806973
n6_t3_s20267023,20267023,6,3,12,osr_score,5,-0.13684294763538826,0.6715058784279897
n6_t3_s20267023,20267023,6,3,12,osr_score,20,-0.0736846641113629,0.8199729645096171
n6_t3_s20267023,20267023,6,3,12,osr_score,50,0.1298253605771632,0.6875797523837794
n6_t3_s20267024,20267024,6,3,12,delta_B,1,0.9860139860139862,4.1168959116543235e-09
n6_t3_s20267024,20267024,6,3,12,delta_B,5,0.9370629370629372,6.9931649532105415e-06
n6_t3_s20267024,20267024,6,3,12,delta_B,20,0.5664335664335665,0.054842119775407906
n6_t3_s20267024,20267024,6,3,12,delta_B,50,0.14685314685314685,0.6487957097846665
n6_t3_s20267024,20267024,6,3,12,pauli_score,1,0.9860139860139862,4.1168959116543235e-09
n6_t3_s20267024,20267024,6,3,12,pauli_score,5,0.9370629370629372,6.9931649532105415e-06
n6_t3_s20267024,20267024,6,3,12,pauli_score,20,0.5664335664335665,0.054842119775407906
n6_t3_s20267024,20267024,6,3,12,pauli_score,50,0.14685314685314685,0.6487957097846665
n6_t3_s20267024,20267024,6,3,12,osr_score,1,0.121015600293271,0.7079272414616193
n6_t3_s20267024,20267024,6,3,12,osr_score,5,0.16016770627050575,0.6190120914665818
n6_t3_s20267024,20267024,6,3,12,osr_score,20,0.2491497653096756,0.4348538070276799
n6_t3_s20267024,20267024,6,3,12,osr_score,50,0.1245748826548378,0.6996845792102099
n6_t3_s20267025,20267025,6,3,12,delta_B,1,0.9230769230769231,1.8621951098680993e-05
n6_t3_s20267025,20267025,6,3,12,delta_B,5,1.0,0.0
n6_t3_s20267025,20267025,6,3,12,delta_B,20,0.8391608391608393,0.0006428259886278203
n6_t3_s20267025,20267025,6,3,12,delta_B,50,0.7482517482517484,0.005124081698753054
n6_t3_s20267025,20267025,6,3,12,pauli_score,1,0.9230769230769231,1.8621951098680993e-05
n6_t3_s20267025,20267025,6,3,12,pauli_score,5,1.0,0.0
n6_t3_s20267025,20267025,6,3,12,pauli_score,20,0.8391608391608393,0.0006428259886278203
n6_t3_s20267025,20267025,6,3,12,pauli_score,50,0.7482517482517484,0.005124081698753054
n6_t3_s20267025,20267025,6,3,12,osr_score,1,0.42103767916034224,0.1728710160883103
n6_t3_s20267025,20267025,6,3,12,osr_score,5,0.37785432745158914,0.22589768796347123
n6_t3_s20267025,20267025,6,3,12,osr_score,20,0.4066432285907579,0.1895807427026429
n6_t3_s20267025,20267025,6,3,12,osr_score,50,0.46781964351149136,0.12510590818628256
n6_t3_s20267026,20267026,6,3,12,delta_B,1,0.8671328671328673,0.00025981184986148103
n6_t3_s20267026,20267026,6,3,12,delta_B,5,0.9020979020979022,5.9978574465376914e-05
n6_t3_s20267026,20267026,6,3,12,delta_B,20,0.7342657342657343,0.006543490146837884
n6_t3_s20267026,20267026,6,3,12,delta_B,50,0.5034965034965035,0.09515736659412467
n6_t3_s20267026,20267026,6,3,12,pauli_score,1,0.8671328671328673,0.00025981184986148103
n6_t3_s20267026,20267026,6,3,12,pauli_score,5,0.9020979020979022,5.9978574465376914e-05
n6_t3_s20267026,20267026,6,3,12,pauli_score,20,0.7342657342657343,0.006543490146837884
n6_t3_s20267026,20267026,6,3,12,pauli_score,50,0.5034965034965035,0.09515736659412467
n6_t3_s20267026,20267026,6,3,12,osr_score,1,0.28772106938722664,0.3644939271152922
n6_t3_s20267026,20267026,6,3,12,osr_score,5,0.42807281055172736,0.165052806369413
n6_t3_s20267026,20267026,6,3,12,osr_score,20,0.3719321140859271,0.23384970387826856
n6_t3_s20267026,20267026,6,3,12,osr_score,50,0.3789497011441521,0.22444489114134128
n6_t3_s20267027,20267027,6,3,12,delta_B,1,0.8601398601398602,0.000331668339126921
n6_t3_s20267027,20267027,6,3,12,delta_B,5,0.9440559440559443,3.927261080965947e-06
n6_t3_s20267027,20267027,6,3,12,delta_B,20,0.8251748251748254,0.0009513628555555001
n6_t3_s20267027,20267027,6,3,12,delta_B,50,0.6993006993006995,0.01137419864269093
n6_t3_s20267027,20267027,6,3,12,pauli_score,1,0.8601398601398602,0.000331668339126921
n6_t3_s20267027,20267027,6,3,12,pauli_score,5,0.9440559440559443,3.927261080965947e-06
n6_t3_s20267027,20267027,6,3,12,pauli_score,20,0.8251748251748254,0.0009513628555555001
n6_t3_s20267027,20267027,6,3,12,pauli_score,50,0.6993006993006995,0.01137419864269093
n6_t3_s20267027,20267027,6,3,12,osr_score,1,-0.20423041640915962,0.5243243274359985
n6_t3_s20267027,20267027,6,3,12,osr_score,5,-0.01056364222805998,0.9740074042616774
n6_t3_s20267027,20267027,6,3,12,osr_score,20,-0.03873335483621993,0.9048700527071083
n6_t3_s20267027,20267027,6,3,12,osr_score,50,-0.01760607038009997,0.956690463335225
n8_t4_s20269123,20269123,8,4,12,delta_B,1,0.5174825174825175,0.08486877113393476
n8_t4_s20269123,20269123,8,4,12,delta_B,5,0.8111888111888113,0.0013633152527271926
n8_t4_s20269123,20269123,8,4,12,delta_B,20,0.9090909090909092,4.191044653034231e-05
n8_t4_s20269123,20269123,8,4,12,delta_B,50,0.30069930069930073,0.34225952894002437
n8_t4_s20269123,20269123,8,4,12,pauli_score,1,0.5104895104895105,0.08991373630263919
n8_t4_s20269123,20269123,8,4,12,pauli_score,5,0.8181818181818183,0.0011431050868040606
n8_t4_s20269123,20269123,8,4,12,pauli_score,20,0.9020979020979022,5.9978574465376914e-05
n8_t4_s20269123,20269123,8,4,12,pauli_score,50,0.31468531468531474,0.3191387855033045
n8_t4_s20269123,20269123,8,4,12,osr_score,1,-0.07760442837613131,0.8105456168388528
n8_t4_s20269123,20269123,8,4,12,osr_score,5,-0.18695612290613453,0.5606909787064328
n8_t4_s20269123,20269123,8,4,12,osr_score,20,-0.07054948034193756,0.8275291704219159
n8_t4_s20269123,20269123,8,4,12,osr_score,50,0.16931875282065012,0.598839496407012
n8_t4_s20269124,20269124,8,4,12,delta_B,1,0.7482517482517484,0.005124081698753054
n8_t4_s20269124,20269124,8,4,12,delta_B,5,0.8251748251748254,0.0009513628555555001
n8_t4_s20269124,20269124,8,4,12,delta_B,20,0.8391608391608393,0.0006428259886278203
n8_t4_s20269124,20269124,8,4,12,delta_B,50,0.6013986013986015,0.03858845292201946
n8_t4_s20269124,20269124,8,4,12,pauli_score,1,0.7482517482517484,0.005124081698753054
n8_t4_s20269124,20269124,8,4,12,pauli_score,5,0.8251748251748254,0.0009513628555555001
n8_t4_s20269124,20269124,8,4,12,pauli_score,20,0.8391608391608393,0.0006428259886278203
n8_t4_s20269124,20269124,8,4,12,pauli_score,50,0.6013986013986015,0.03858845292201946
n8_t4_s20269124,20269124,8,4,12,osr_score,1,-0.04920982281912167,0.8792878666162605
n8_t4_s20269124,20269124,8,4,12,osr_score,5,0.1792643545553718,0.5772058207934939
n8_t4_s20269124,20269124,8,4,12,osr_score,20,0.3761036458318585,0.22823129531177183
n8_t4_s20269124,20269124,8,4,12,osr_score,50,0.4007085572414193,0.1967503457769958
n8_t4_s20269125,20269125,8,4,12,delta_B,1,0.9300699300699302,1.1702227928659685e-05
n8_t4_s20269125,20269125,8,4,12,delta_B,5,0.8881118881118882,0.00011413359814618021
n8_t4_s20269125,20269125,8,4,12,delta_B,20,0.3636363636363637,0.24526500073077723
n8_t4_s20269125,20269125,8,4,12,delta_B,50,0.46153846153846156,0.13094806950717272
n8_t4_s20269125,20269125,8,4,12,pauli_score,1,0.9300699300699302,1.1702227928659685e-05
n8_t4_s20269125,20269125,8,4,12,pauli_score,5,0.8881118881118882,0.00011413359814618021
n8_t4_s20269125,20269125,8,4,12,pauli_score,20,0.3636363636363637,0.24526500073077723
n8_t4_s20269125,20269125,8,4,12,pauli_score,50,0.46153846153846156,0.13094806950717272
n8_t4_s20269125,20269125,8,4,12,osr_score,1,0.02112728445611996,0.9480380045464691
n8_t4_s20269125,20269125,8,4,12,osr_score,5,0.09507278005253983,0.7688287229565662
n8_t4_s20269125,20269125,8,4,12,osr_score,20,0.007042428152039987,0.9826701704764307
n8_t4_s20269125,20269125,8,4,12,osr_score,50,0.2218364867892596,0.4883456148473206
n8_t4_s20269126,20269126,8,4,12,delta_B,1,0.965034965034965,3.880985299627466e-07
n8_t4_s20269126,20269126,8,4,12,delta_B,5,0.965034965034965,3.880985299627466e-07
n8_t4_s20269126,20269126,8,4,12,delta_B,20,0.9580419580419581,9.543581826838402e-07
n8_t4_s20269126,20269126,8,4,12,delta_B,50,0.9230769230769231,1.8621951098680993e-05
n8_t4_s20269126,20269126,8,4,12,pauli_score,1,0.9440559440559443,3.927261080965947e-06
n8_t4_s20269126,20269126,8,4,12,pauli_score,5,1.0,0.0
n8_t4_s20269126,20269126,8,4,12,pauli_score,20,0.9370629370629372,6.9931649532105415e-06
n8_t4_s20269126,20269126,8,4,12,pauli_score,50,0.9440559440559443,3.927261080965947e-06
n8_t4_s20269126,20269126,8,4,12,osr_score,1,0.5113843218869928,0.08925717221519383
n8_t4_s20269126,20269126,8,4,12,osr_score,5,0.665500144921429,0.018175123857074992
n8_t4_s20269126,20269126,8,4,12,osr_score,20,0.6584948802380455,0.019892133524913678
n8_t4_s20269126,20269126,8,4,12,osr_score,50,0.7635738504887976,0.003850093656559542
n8_t4_s20269127,20269127,8,4,12,delta_B,1,0.6923076923076924,0.012593030496094112
n8_t4_s20269127,20269127,8,4,12,delta_B,5,0.965034965034965,3.880985299627466e-07
n8_t4_s20269127,20269127,8,4,12,delta_B,20,0.9090909090909092,4.191044653034231e-05
n8_t4_s20269127,20269127,8,4,12,delta_B,50,0.5384615384615385,0.07089431754922311
n8_t4_s20269127,20269127,8,4,12,pauli_score,1,0.6923076923076924,0.012593030496094112
n8_t4_s20269127,20269127,8,4,12,pauli_score,5,0.965034965034965,3.880985299627466e-07
n8_t4_s20269127,20269127,8,4,12,pauli_score,20,0.9090909090909092,4.191044653034231e-05
n8_t4_s20269127,20269127,8,4,12,pauli_score,50,0.5384615384615385,0.07089431754922311
n8_t4_s20269127,20269127,8,4,12,osr_score,1,0.4338283226976549,0.15882571506577006
n8_t4_s20269127,20269127,8,4,12,osr_score,5,0.05019501254353032,0.8768872455868112
n8_t4_s20269127,20269127,8,4,12,osr_score,20,0.15775575370823816,0.6243701571141795
n8_t4_s20269127,20269127,8,4,12,osr_score,50,0.02509750627176516,0.9382884480283559
