m,n,k,theory_loss,constructor_loss,state_projected_gradient_norm,ambient_state_gradient_norm,svd_state_projected_gradient_norm,state_schmidt_rank,coverage_state
2,4,0,0.75,0.75,0.0,0.8660254037844386,0.0,1,0.0
2,4,1,0.5,0.5000000000000001,0.0,0.9999999999999999,8.89602618929605e-17,2,0.0
2,4,2,0,4.440892098500626e-16,0.0,8.881784197001252e-16,2.5534183900145683e-31,4,
3,6,0,0.875,0.875,0.0,0.6614378277661478,2.498001805406603e-17,1,0.0
3,6,1,0.75,0.75,0.0,0.8660254037844388,5.712193935252243e-17,2,0.0
3,6,2,0.5,0.5000000000000001,0.0,1.0,2.126989186694498e-17,4,0.0
3,6,3,0,4.440892098500626e-16,4.93038065763133e-32,1.2560739669470201e-15,1.9226105175689698e-31,8,
4,8,0,0.9375,0.9375,0.0,0.4841229182759271,1.2490009027033011e-17,1,0.0
4,8,1,0.875,0.875,0.0,0.6614378277661476,3.9252311467094367e-17,2,0.0
4,8,2,0.75,0.7500000000000001,0.0,0.8660254037844385,3.1494951025032404e-17,4,0.0
4,8,3,0.5,0.5000000000000002,0.0,0.9999999999999999,1.241685024271987e-17,8,0.0
4,8,4,0,6.661338147750939e-16,3.4863055968421e-32,1.3322676295501878e-15,1.3380142701496448e-31,16,
5,10,0,0.96875,0.96875,0.0,0.3479852726768764,0.0,1,0.0
5,10,1,0.9375,0.9375,0.0,0.4841229182759272,7.502429683210127e-18,2,0.0
5,10,2,0.875,0.875,0.0,0.6614378277661477,0.0,4,0.0
5,10,3,0.75,0.75,6.162975822039156e-33,0.8660254037844386,1.6970117570359958e-18,8,7.116391499726925e-33
5,10,4,0.5,0.5000000000000002,0.0,0.9999999999999999,9.247228449580314e-32,16,0.0
5,10,5,0,6.661338147750939e-16,3.486305596842101e-32,1.5700924586837751e-15,2.1508314030333347e-31,32,
