n,route_id,route_index,routing_family,variant,paired_route_id,initialization_index,initialization_seed,parameter_count,routing_blocks,cnot_slots_per_block,total_cnot_count,routing_sequences,cumulative_cut_profile,total_cut_budget,energy,ground_energy,energy_error,parameter_gradient_norm,ambient_gradient_norm,projected_gradient_norm,chi_ratio,chi_squared,tangent_rank,smallest_retained_tangent_singular_value,smallest_retained_gram_eigenvalue,gram_condition_number,analytic_vs_geometry_gradient_error,event_relaxed,event_primary,event_strict,elapsed_seconds,optimizer_success,optimizer_status,optimizer_message,optimizer_iterations,optimizer_evaluations,warmup_final_energy
4,n4_r00_line_brickwork_v0,0,line_brickwork,0,,0,20264723,36,2,2,4,"[[[0,1],[2,3]],[[2,1],[1,0]]]","[2, 1, 1]",4,-4.745341565451045,-4.758770483143628,0.013428917692583475,5.761331108559887e-07,0.49222055574312246,2.258493624065589e-06,4.588377298985132e-06,2.1053206237842095e-11,18,0.10841641331021294,0.011754118675050917,108.63458346840922,1.7526203942105812e-15,1,1,0,0.2892403750010999,True,0,CONVERGENCE: RELATIVE REDUCTION OF F <= FACTR*EPSMCH,21,27,-4.745334990820769
4,n4_r00_line_brickwork_v0,0,line_brickwork,0,,1,20264760,36,2,2,4,"[[[0,1],[2,3]],[[2,1],[1,0]]]","[2, 1, 1]",4,-4.745341565451221,-4.758770483143628,0.013428917692407616,3.20632420576991e-07,0.49222058188289597,7.264970188633238e-07,1.4759582301175786e-06,2.178452697051815e-12,18,0.10894623736495014,0.011869282635980059,107.60589360976508,1.4375972270115401e-15,1,1,0,0.2879295830061892,True,0,CONVERGENCE: RELATIVE REDUCTION OF F <= FACTR*EPSMCH,19,24,-4.745335960253175
4,n4_r00_line_brickwork_v0,0,line_brickwork,0,,2,20264797,36,2,2,4,"[[[0,1],[2,3]],[[2,1],[1,0]]]","[2, 1, 1]",4,-4.745341565449924,-4.758770483143628,0.013428917693704356,3.955749149156507e-06,0.492220205620671,5.308515622104195e-06,1.0784838902357447e-05,1.163127501498026e-10,18,0.10823033812662725,0.011713806091004064,108.51046974982053,2.1724848844169612e-15,1,0,0,0.2766915840038564,True,0,CONVERGENCE: RELATIVE REDUCTION OF F <= FACTR*EPSMCH,19,22,-4.745320830583281
4,n4_r01_line_brickwork_v1,1,line_brickwork,1,,0,20264723,36,2,2,4,"[[[1,2],[0,1]],[[3,2],[2,1]]]","[1, 2, 1]",4,-4.655916072869893,-4.758770483143628,0.10285441027373565,8.521938183057118e-07,1.492861631282964,6.433884659439798e-06,4.30976623996326e-06,1.8574085043127058e-11,21,0.018244395758061346,0.00033285797657676687,3001.6757040112034,1.6833776355267459e-15,1,1,0,0.5267857919970993,True,0,CONVERGENCE: RELATIVE REDUCTION OF F <= FACTR*EPSMCH,139,152,-4.591441561115336
4,n4_r01_line_brickwork_v1,1,line_brickwork,1,,1,20264760,36,2,2,4,"[[[1,2],[0,1]],[[3,2],[2,1]]]","[1, 2, 1]",4,-4.655916072860077,-4.758770483143628,0.1028544102835518,1.336594726218305e-06,1.4928614962455848,1.6843033893453854e-05,1.1282382147180165e-05,1.272921469150097e-10,21,0.008862701836865623,7.854748384918128e-05,12471.010479120094,2.2322553076461185e-15,1,0,0,0.5894596250000177,True,0,CONVERGENCE: RELATIVE REDUCTION OF F <= FACTR*EPSMCH,170,185,-4.584417858300205
4,n4_r01_line_brickwork_v1,1,line_brickwork,1,,2,20264797,36,2,2,4,"[[[1,2],[0,1]],[[3,2],[2,1]]]","[1, 2, 1]",4,-4.655916072871798,-4.758770483143628,0.10285441027183051,5.113850139494325e-07,1.4928617464108973,2.8875494509111338e-06,1.9342376866801706e-06,3.7412754285738574e-12,21,0.012255860396898053,0.0001502061140682541,6658.564800398461,2.6331904008937147e-15,1,1,0,0.5809645000117598,True,0,CONVERGENCE: RELATIVE REDUCTION OF F <= FACTR*EPSMCH,166,178,-4.5836740349096345
4,n4_r02_line_brickwork_v2,2,line_brickwork,2,,0,20264723,36,2,2,4,"[[[3,2],[2,1]],[[0,1],[2,3]]]","[1, 1, 2]",4,-4.745341565450955,-4.758770483143628,0.013428917692673181,4.130163188576125e-07,0.49222046643724393,2.234873602432756e-06,4.540391460373567e-06,2.061515461343321e-11,20,4.36291907727513e-08,1.9035062874851275e-15,727240621538199.1,1.8601618013476406e-15,1,1,0,0.40387574999476783,True,0,CONVERGENCE: RELATIVE REDUCTION OF F <= FACTR*EPSMCH,75,86,-4.607929339789052
4,n4_r02_line_brickwork_v2,2,line_brickwork,2,,1,20264760,36,2,2,4,"[[[3,2],[2,1]],[[0,1],[2,3]]]","[1, 1, 2]",4,-4.745341565451236,-4.758770483143628,0.013428917692392517,1.2320788215717318e-07,0.49222051884999857,5.594796954541081e-07,1.1366443982490831e-06,1.2919604880710203e-12,20,4.7062868098325285e-09,2.2149135536403637e-17,6.3009759950289944e+16,2.7267946038805427e-15,1,1,0,0.39714795899635646,True,0,CONVERGENCE: RELATIVE REDUCTION OF F <= FACTR*EPSMCH,73,85,-4.615559722968378
4,n4_r02_line_brickwork_v2,2,line_brickwork,2,,2,20264797,36,2,2,4,"[[[3,2],[2,1]],[[0,1],[2,3]]]","[1, 1, 2]",4,-4.745341565450896,-4.758770483143628,0.01342891769273269,5.908725223536116e-07,0.4922204976375999,2.829530143783115e-06,5.748501245607152e-06,3.304526657074698e-11,20,8.770646551653257e-08,7.692424093402717e-15,192430700996240.53,2.301944376219365e-15,1,1,0,0.38344495800265577,True,0,CONVERGENCE: RELATIVE REDUCTION OF F <= FACTR*EPSMCH,69,75,-4.602181700566099
4,n4_r03_line_brickwork_v3,3,line_brickwork,3,,0,20264723,36,2,2,4,"[[[1,0],[3,2]],[[1,2],[0,1]]]","[2, 1, 1]",4,-4.745341565450949,-4.758770483143628,0.013428917692679398,7.907369297828777e-07,0.49222056083248145,1.8207839094092617e-06,3.6991220080888356e-06,1.368350363072718e-11,18,1.6032982546760435e-08,2.570565293447247e-16,5300858640230978.0,2.4037711228711742e-15,1,1,0,0.34709883300820366,True,0,CONVERGENCE: RELATIVE REDUCTION OF F <= FACTR*EPSMCH,43,55,-4.483660275229573
4,n4_r03_line_brickwork_v3,3,line_brickwork,3,,1,20264760,36,2,2,4,"[[[1,0],[3,2]],[[1,2],[0,1]]]","[2, 1, 1]",4,-4.745341565450215,-4.758770483143628,0.013428917693413034,1.0632856113418914e-06,0.4922203839480713,2.825254977036732e-06,5.739817100575e-06,3.29455003480532e-11,18,1.8664378669195766e-07,3.483590311071299e-14,39051389965305.96,2.571661300190645e-15,1,0,0,0.3274061249976512,True,0,CONVERGENCE: RELATIVE REDUCTION OF F <= FACTR*EPSMCH,36,46,-4.507276223567449
4,n4_r03_line_brickwork_v3,3,line_brickwork,3,,2,20264797,36,2,2,4,"[[[1,0],[3,2]],[[1,2],[0,1]]]","[2, 1, 1]",4,-4.745341565451152,-4.758770483143628,0.013428917692476006,4.1635905421843065e-07,0.492220393055109,1.3634813083533634e-06,2.770062613396654e-06,7.6732468821379e-12,18,4.650072559095373e-08,2.1623174804851787e-15,638643986766836.8,1.5477514891841177e-15,1,1,0,0.30005816600169055,True,0,CONVERGENCE: RELATIVE REDUCTION OF F <= FACTR*EPSMCH,26,33,-4.574457328351243
4,n4_r04_ring_v0,4,ring,0,,0,20264723,36,2,2,4,"[[[0,1],[2,3]],[[2,1],[0,3]]]","[2, 2, 2]",6,-4.586881505957877,-4.758770483143628,0.17188897718575102,9.84043050313057e-07,1.450266635599939,2.964646116756616e-06,2.0442076263653518e-06,4.1787848196902655e-12,20,0.0943363211076636,0.008899341480128217,125.59253873277002,1.5891791462123454e-15,1,1,0,0.3220896660059225,True,0,CONVERGENCE: RELATIVE REDUCTION OF F <= FACTR*EPSMCH,40,45,-4.585018420214657
4,n4_r04_ring_v0,4,ring,0,,1,20264760,36,2,2,4,"[[[0,1],[2,3]],[[2,1],[0,3]]]","[2, 2, 2]",6,-4.586881505957748,-4.758770483143628,0.1718889771858807,1.2512421816481413e-06,1.450264639748174,3.916627993339798e-06,2.70062986160918e-06,7.29340164941522e-12,20,0.0956690919307658,0.009152575150857318,117.42650559330168,1.6580203869505284e-15,1,0,0,0.3320921659906162,True,0,CONVERGENCE: RELATIVE REDUCTION OF F <= FACTR*EPSMCH,44,50,-4.583183500523477
4,n4_r04_ring_v0,4,ring,0,,2,20264797,36,2,2,4,"[[[0,1],[2,3]],[[2,1],[0,3]]]","[2, 2, 2]",6,-4.586881505957063,-4.758770483143628,0.17188897718656548,1.2230400273148936e-06,1.45026472163581,4.875771168489096e-06,3.3619870191626284e-06,1.1302956717018015e-11,20,0.09688101822585168,0.009385931692477806,117.11405407072856,2.1414696933220066e-15,1,0,0,0.3179959169938229,True,0,CONVERGENCE: RELATIVE REDUCTION OF F <= FACTR*EPSMCH,35,41,-4.584570428037125
4,n4_r05_ring_v1,5,ring,1,,0,20264723,36,2,2,4,"[[[1,2],[3,0]],[[3,2],[1,0]]]","[2, 2, 2]",6,-4.734230848278826,-4.758770483143628,0.024539634864802373,3.20380347780658e-07,0.6579068579273737,1.1723719270896494e-06,1.7819724980265634e-06,3.1754259837230304e-12,20,1.4782734312197449e-08,2.1852923374501976e-16,6132872680043142.0,1.8332362166957706e-15,1,1,0,0.32956724999530707,True,0,CONVERGENCE: RELATIVE REDUCTION OF F <= FACTR*EPSMCH,41,45,-4.620641297821116
4,n4_r05_ring_v1,5,ring,1,,1,20264760,36,2,2,4,"[[[1,2],[3,0]],[[3,2],[1,0]]]","[2, 2, 2]",6,-4.7342308482787745,-4.758770483143628,0.024539634864853888,8.30514614009927e-07,0.6579070474319821,1.8007983994080208e-06,2.7371623490538712e-06,7.492057725078107e-12,20,6.047498547260423e-08,3.657223867911693e-15,405910968530999.0,2.095493933316032e-15,1,1,0,0.321748041009414,True,0,CONVERGENCE: RELATIVE REDUCTION OF F <= FACTR*EPSMCH,34,39,-4.689699016616243
4,n4_r05_ring_v1,5,ring,1,,2,20264797,36,2,2,4,"[[[1,2],[3,0]],[[3,2],[1,0]]]","[2, 2, 2]",6,-4.734230848278764,-4.758770483143628,0.024539634864864546,5.957721602630012e-07,0.6579067401016593,1.4669062794513056e-06,2.229656864777887e-06,4.971369734651156e-12,20,2.7058911712152823e-09,7.321847030460812e-18,2.021171861087645e+17,2.7954475291510367e-15,1,1,0,0.33477920800214633,True,0,CONVERGENCE: RELATIVE REDUCTION OF F <= FACTR*EPSMCH,41,48,-4.63349666616738
4,n4_r06_ring_v2,6,ring,2,,0,20264723,36,2,2,4,"[[[3,2],[1,0]],[[3,0],[1,2]]]","[2, 2, 2]",6,-4.586881505957516,-4.758770483143628,0.1718889771861125,1.3159354537911859e-06,1.4502657478751022,3.7224760126956853e-06,2.5667544159749867e-06,6.588228231927095e-12,20,0.09883464323431258,0.00976828670325385,106.67755919291456,1.790715978478246e-15,1,0,0,0.33308045798912644,True,0,CONVERGENCE: RELATIVE REDUCTION OF F <= FACTR*EPSMCH,42,46,-4.583099451411777
4,n4_r06_ring_v2,6,ring,2,,1,20264760,36,2,2,4,"[[[3,2],[1,0]],[[3,0],[1,2]]]","[2, 2, 2]",6,-4.586881505957995,-4.758770483143628,0.17188897718563378,1.3013703072177433e-06,1.450266252582443,2.775808460153564e-06,1.9139992089113087e-06,3.663392971713115e-12,20,0.09496282550349965,0.009017938227608123,120.31479566210527,2.016719916059457e-15,1,0,0,0.32513974999892525,True,0,CONVERGENCE: RELATIVE REDUCTION OF F <= FACTR*EPSMCH,35,41,-4.586663016581522
4,n4_r06_ring_v2,6,ring,2,,2,20264797,36,2,2,4,"[[[3,2],[1,0]],[[3,0],[1,2]]]","[2, 2, 2]",6,-4.5868815059575665,-4.758770483143628,0.1718889771860619,7.382381654489368e-07,1.4502669601059879,4.500724849040036e-06,3.103376807750702e-06,9.630947610884938e-12,20,0.09485461438594073,0.008997397870305514,119.99121902397192,1.7917613473868623e-15,1,1,0,0.3270568750012899,True,0,CONVERGENCE: RELATIVE REDUCTION OF F <= FACTR*EPSMCH,37,42,-4.584784749826582
4,n4_r07_ring_v3,7,ring,3,,0,20264723,36,2,2,4,"[[[0,3],[2,1]],[[0,1],[2,3]]]","[2, 2, 2]",6,-4.734230848278585,-4.758770483143628,0.02453963486504307,6.028178591019449e-07,0.6579068368019485,3.1139069032216267e-06,4.733051442903632e-06,2.2401775961172154e-11,20,4.885319258680191e-08,2.386634425923157e-15,564689288428525.5,2.3004928682086565e-15,1,1,0,0.3731370839959709,True,0,CONVERGENCE: RELATIVE REDUCTION OF F <= FACTR*EPSMCH,45,49,-4.615389057373346
4,n4_r07_ring_v3,7,ring,3,,1,20264760,36,2,2,4,"[[[0,3],[2,1]],[[0,1],[2,3]]]","[2, 2, 2]",6,-4.734230848278589,-4.758770483143628,0.024539634865039517,1.0882293598840384e-06,0.6579066556335388,2.522561416764064e-06,3.834223890522789e-06,1.4701272842655713e-11,20,4.504457911701331e-08,2.0290141078288716e-15,683632492941607.8,2.0418567168755722e-15,1,0,0,0.4058308749954449,True,0,CONVERGENCE: RELATIVE REDUCTION OF F <= FACTR*EPSMCH,39,44,-4.617010458164691
4,n4_r07_ring_v3,7,ring,3,,2,20264797,36,2,2,4,"[[[0,3],[2,1]],[[0,1],[2,3]]]","[2, 2, 2]",6,-4.734230848278536,-4.758770483143628,0.024539634865092808,6.860149684727463e-07,0.6579068338910439,3.329724380036008e-06,5.061087996826379e-06,2.5614611711620045e-11,20,5.745798321675052e-08,3.3014198353363844e-15,411334032741246.7,1.702312933159911e-15,1,1,0,0.3831237499980489,True,0,CONVERGENCE: RELATIVE REDUCTION OF F <= FACTR*EPSMCH,39,43,-4.612715934487008
4,n4_r08_random_fixed_budget_v0,8,random_fixed_budget,0,,0,20264723,36,2,2,4,"[[[2,1],[0,1]],[[1,2],[2,0]]]","[2, 3, 0]",5,-4.529858526558668,-4.758770483143628,0.22891195658496066,1.0189755375254107e-06,1.335239232225413,2.5173845717750973e-06,1.8853434733036037e-06,3.5545200123284962e-12,16,0.1148797054238503,0.01319734671827062,72.40913966105076,2.252264584561383e-15,1,0,0,0.6158291250030743,True,0,CONVERGENCE: RELATIVE REDUCTION OF F <= FACTR*EPSMCH,22,27,-4.529826995210398
4,n4_r08_random_fixed_budget_v0,8,random_fixed_budget,0,,1,20264760,36,2,2,4,"[[[2,1],[0,1]],[[1,2],[2,0]]]","[2, 3, 0]",5,-4.529858526557845,-4.758770483143628,0.22891195658578312,1.2035223835139252e-06,1.3352377449716457,4.170936174636452e-06,3.1237404652045872e-06,9.757754493956571e-12,16,0.11195501247990741,0.012533924819376225,74.63305904640806,1.3040448949927345e-15,1,0,0,0.48156370800279547,True,0,CONVERGENCE: RELATIVE REDUCTION OF F <= FACTR*EPSMCH,24,28,-4.5298353797402315
4,n4_r08_random_fixed_budget_v0,8,random_fixed_budget,0,,2,20264797,36,2,2,4,"[[[2,1],[0,1]],[[1,2],[2,0]]]","[2, 3, 0]",5,-4.52985852655891,-4.758770483143628,0.2289119565847182,4.2605556951517027e-07,1.3352394280276654,8.74774419626601e-07,6.551442395007498e-07,4.292139745510159e-13,16,0.10175840968844392,0.010354773942321198,89.86549038482207,2.4394718642653932e-15,1,1,0,0.39468158400268294,True,0,CONVERGENCE: RELATIVE REDUCTION OF F <= FACTR*EPSMCH,27,32,-4.529717905030146
4,n4_r09_random_fixed_budget_v1,9,random_fixed_budget,1,,0,20264723,36,2,2,4,"[[[0,2],[2,0]],[[1,2],[3,2]]]","[2, 3, 1]",6,-4.56223610036311,-4.758770483143628,0.19653438278051816,5.874577526877746e-07,1.9683433173101914,8.672616667543707e-07,4.406048777809318e-07,1.9413265832434983e-13,16,5.543288526689077e-08,3.0728047690122756e-15,412370512334407.25,1.8883654003870605e-15,1,1,0,0.5890394589951029,True,0,CONVERGENCE: RELATIVE REDUCTION OF F <= FACTR*EPSMCH,45,53,-4.470590721668573
4,n4_r09_random_fixed_budget_v1,9,random_fixed_budget,1,,1,20264760,36,2,2,4,"[[[0,2],[2,0]],[[1,2],[3,2]]]","[2, 3, 1]",6,-4.562236100363155,-4.758770483143628,0.19653438278047375,1.106445083285589e-07,1.9683432864756858,2.3267136821671472e-07,1.1820670195863664e-07,1.3972824387937951e-14,16,2.1421786622527933e-09,4.588929421011167e-18,2.7595548882626224e+17,1.6386029722602438e-15,1,1,0,0.4565627090050839,True,0,CONVERGENCE: RELATIVE REDUCTION OF F <= FACTR*EPSMCH,45,56,-4.465349559567153
4,n4_r09_random_fixed_budget_v1,9,random_fixed_budget,1,,2,20264797,36,2,2,4,"[[[0,2],[2,0]],[[1,2],[3,2]]]","[2, 3, 1]",6,-4.5622361003631315,-4.758770483143628,0.19653438278049684,2.798342081074945e-07,1.9683433013550473,4.699402562966956e-07,2.3874913282311027e-07,5.700114842378715e-14,16,9.963818370552755e-08,9.927767652136456e-15,133825320442931.5,3.5086460460774024e-15,1,1,0,0.5904095840087393,True,0,CONVERGENCE: RELATIVE REDUCTION OF F <= FACTR*EPSMCH,41,47,-4.477445212155155
4,n4_r10_random_fixed_budget_v2,10,random_fixed_budget,2,,0,20264723,36,2,2,4,"[[[0,3],[3,2]],[[3,0],[1,3]]]","[2, 3, 4]",9,-4.469199137715772,-4.758770483143628,0.28957134542785656,0.0006097490198363227,1.3528900753636501,0.00883883584802917,0.006533299348547098,4.2684000377725933e-05,20,0.00147307713025586,2.16995623168284e-06,471204.91538260836,2.1819594318144236e-15,0,0,0,0.9363341250136727,False,1,STOP: TOTAL NO. OF ITERATIONS REACHED LIMIT,300,321,-4.434969945359171
4,n4_r10_random_fixed_budget_v2,10,random_fixed_budget,2,,1,20264760,36,2,2,4,"[[[0,3],[3,2]],[[3,0],[1,3]]]","[2, 3, 4]",9,-4.469194421991088,-4.758770483143628,0.2895760611525402,0.0007413761940873186,1.3530282826255542,0.015021326096520939,0.011102004510483716,0.00012325450415080077,20,0.001255302642914862,1.5757847253090376e-06,554302.2337441499,2.135379512522079e-15,0,0,0,0.8882306670129765,False,1,STOP: TOTAL NO. OF ITERATIONS REACHED LIMIT,300,324,-4.436436674351352
4,n4_r10_random_fixed_budget_v2,10,random_fixed_budget,2,,2,20264797,36,2,2,4,"[[[0,3],[3,2]],[[3,0],[1,3]]]","[2, 3, 4]",9,-4.469197199271344,-4.758770483143628,0.28957328387228465,0.0005249606101630312,1.3534424955540578,0.012410856421388112,0.009169843907042011,8.40860372795155e-05,20,0.0011297568220270651,1.2763504769166937e-06,675147.8588616829,3.634847797160146e-15,0,0,0,0.8602612919930834,False,1,STOP: TOTAL NO. OF ITERATIONS REACHED LIMIT,300,323,-4.448634337647939
4,n4_r11_random_fixed_budget_v3,11,random_fixed_budget,3,,0,20264723,36,2,2,4,"[[[0,2],[1,3]],[[3,0],[1,3]]]","[2, 4, 3]",9,-4.4691830147986575,-4.758770483143628,0.28958746834497084,5.668063288664894e-07,1.354309005451503,3.00481151316115e-06,2.2187045209519214e-06,4.922649751292495e-12,18,0.03607533187684778,0.0013014295700247093,785.404887439148,2.1723114200630743e-15,1,1,0,0.3946245830011321,True,0,CONVERGENCE: RELATIVE REDUCTION OF F <= FACTR*EPSMCH,75,84,-4.443382870943681
4,n4_r11_random_fixed_budget_v3,11,random_fixed_budget,3,,1,20264760,36,2,2,4,"[[[0,2],[1,3]],[[3,0],[1,3]]]","[2, 4, 3]",9,-4.469183014797658,-4.758770483143628,0.28958746834597004,8.096260175582062e-07,1.3543085795682714,5.605903914850139e-06,4.139310641181345e-06,1.7133892584197116e-11,18,0.030477089316030995,0.0009288529731773307,1142.703919967692,1.3785401667570663e-15,1,1,0,0.4033225000021048,True,0,CONVERGENCE: RELATIVE REDUCTION OF F <= FACTR*EPSMCH,78,86,-4.417189098636935
4,n4_r11_random_fixed_budget_v3,11,random_fixed_budget,3,,2,20264797,36,2,2,4,"[[[0,2],[1,3]],[[3,0],[1,3]]]","[2, 4, 3]",9,-4.469183014798959,-4.758770483143628,0.28958746834466975,5.582395166965079e-07,1.3543102716017221,1.5532461456214287e-06,1.1468909142839388e-06,1.3153587692670491e-12,18,0.036115752763195196,0.0013043475976522415,805.3287345020195,1.9760269070827546e-15,1,1,0,0.498314999989816,True,0,CONVERGENCE: RELATIVE REDUCTION OF F <= FACTR*EPSMCH,101,115,-4.444191458982095
4,n4_r12_repeated_dimer_v0,12,repeated_dimer,0,,0,20264723,36,2,2,4,"[[[0,1],[2,3]],[[0,1],[2,3]]]","[2, 0, 2]",4,-4.532952096412181,-4.758770483143628,0.22581838673144716,9.555257314371703e-08,1.1631580979673632,1.570073568750375e-07,1.349836768960387e-07,1.8220593028374173e-14,12,0.4591197963101981,0.2107909873639178,4.719670961249452,2.295761847055388e-15,1,1,1,0.2595429999928456,True,0,CONVERGENCE: RELATIVE REDUCTION OF F <= FACTR*EPSMCH,10,12,-4.53295037998816
4,n4_r12_repeated_dimer_v0,12,repeated_dimer,0,,1,20264760,36,2,2,4,"[[[0,1],[2,3]],[[0,1],[2,3]]]","[2, 0, 2]",4,-4.532952096412178,-4.758770483143628,0.22581838673145072,1.1042983150392622e-07,1.1631581442197925,1.5366356614385558e-07,1.3210891993274737e-07,1.7452766725797056e-14,12,0.4624399296340507,0.21385068851994574,4.696753731311227,2.7450550854877817e-15,1,1,0,0.2625513340026373,True,0,CONVERGENCE: RELATIVE REDUCTION OF F <= FACTR*EPSMCH,11,13,-4.532949342073683
4,n4_r12_repeated_dimer_v0,12,repeated_dimer,0,,2,20264797,36,2,2,4,"[[[0,1],[2,3]],[[0,1],[2,3]]]","[2, 0, 2]",4,-4.5329520964121475,-4.758770483143628,0.2258183867314809,4.736043353092149e-07,1.1631581920843634,6.532487646947666e-07,5.61616441461117e-07,3.1541302731944826e-13,12,0.4712048128911918,0.2220339756918231,4.468715773127243,1.1335404380765408e-15,1,1,0,0.26229291599884164,True,0,CONVERGENCE: RELATIVE REDUCTION OF F <= FACTR*EPSMCH,9,12,-4.532951260683452
4,n4_r13_repeated_dimer_v1,13,repeated_dimer,1,,0,20264723,36,2,2,4,"[[[1,2],[3,0]],[[1,2],[3,0]]]","[2, 4, 2]",8,-4.431005462378155,-4.758770483143628,0.3277650207654732,3.70645051504796e-07,1.4118070899353046,7.651034074082346e-07,5.419319770120259e-07,2.9369026770816293e-13,12,0.4416310535836279,0.19503798748938522,4.814837661666285,1.6243330539017882e-15,1,1,0,0.2511519999970915,True,0,CONVERGENCE: RELATIVE REDUCTION OF F <= FACTR*EPSMCH,8,10,-4.431003693833914
4,n4_r13_repeated_dimer_v1,13,repeated_dimer,1,,1,20264760,36,2,2,4,"[[[1,2],[3,0]],[[1,2],[3,0]]]","[2, 4, 2]",8,-4.431005462378173,-4.758770483143628,0.32776502076545544,2.2407351664631207e-07,1.4118067983953437,4.550500429623094e-07,3.223175036977568e-07,1.0388857318995349e-13,12,0.4131691344612771,0.1707087336714809,5.6502432331127626,1.5569881291066135e-15,1,1,0,0.2570450830098707,True,0,CONVERGENCE: RELATIVE REDUCTION OF F <= FACTR*EPSMCH,9,11,-4.431002257946251
4,n4_r13_repeated_dimer_v1,13,repeated_dimer,1,,2,20264797,36,2,2,4,"[[[1,2],[3,0]],[[1,2],[3,0]]]","[2, 4, 2]",8,-4.431005462378192,-4.758770483143628,0.3277650207654368,8.564579442504195e-08,1.411806977401875,1.3199091897336812e-07,9.349076827504338e-08,8.740523752657858e-15,12,0.42560397013450946,0.18113873939425643,5.191820177490608,2.5532795401770192e-15,1,1,1,0.2674520409927936,True,0,CONVERGENCE: RELATIVE REDUCTION OF F <= FACTR*EPSMCH,9,12,-4.431005032438886
4,n4_r14_repeated_dimer_v2,14,repeated_dimer,2,,0,20264723,36,2,2,4,"[[[1,0],[3,2]],[[1,0],[3,2]]]","[2, 0, 2]",4,-4.532952096412173,-4.758770483143628,0.22581838673145516,1.9028751565021415e-07,1.1631581036221919,3.8460287168722083e-07,3.3065399320137874e-07,1.0933206322001742e-13,12,0.4635275597290144,0.21485779862833498,4.629429625284292,1.5381235316804208e-15,1,1,0,0.2647169580013724,True,0,CONVERGENCE: RELATIVE REDUCTION OF F <= FACTR*EPSMCH,9,11,-4.5329507060953445
4,n4_r14_repeated_dimer_v2,14,repeated_dimer,2,,1,20264760,36,2,2,4,"[[[1,0],[3,2]],[[1,0],[3,2]]]","[2, 0, 2]",4,-4.532952096412176,-4.758770483143628,0.2258183867314525,1.922339653285463e-07,1.1631581968951306,2.9837504287787513e-07,2.5652146343837045e-07,6.580326120456323e-14,12,0.4629462229850388,0.21431920537611326,4.694494903798757,2.621226679836915e-15,1,1,0,0.27677141698950436,True,0,CONVERGENCE: RELATIVE REDUCTION OF F <= FACTR*EPSMCH,9,12,-4.5329515243894605
4,n4_r14_repeated_dimer_v2,14,repeated_dimer,2,,2,20264797,36,2,2,4,"[[[1,0],[3,2]],[[1,0],[3,2]]]","[2, 0, 2]",4,-4.53295209641215,-4.758770483143628,0.22581838673147825,3.5515050467334575e-07,1.1631580644009445,5.853986427244463e-07,5.032838275732897e-07,2.532946110968208e-13,12,0.474468127050099,0.2251200035864289,4.490097045158153,1.9712115247374967e-15,1,1,0,0.2711285000114003,True,0,CONVERGENCE: RELATIVE REDUCTION OF F <= FACTR*EPSMCH,9,12,-4.53294971976437
4,n4_r15_repeated_dimer_v3,15,repeated_dimer,3,,0,20264723,36,2,2,4,"[[[2,1],[0,3]],[[2,1],[0,3]]]","[2, 4, 2]",8,-4.431005462378119,-4.758770483143628,0.3277650207655096,5.54630076578951e-07,1.4118069866373013,1.1399442412062688e-06,8.074363223838649e-07,6.519534147047806e-13,12,0.44256807616627764,0.19586650204152012,4.789387291502057,2.6234388099660314e-15,1,1,0,0.31532399999559857,True,0,CONVERGENCE: RELATIVE REDUCTION OF F <= FACTR*EPSMCH,8,11,-4.431003269506714
4,n4_r15_repeated_dimer_v3,15,repeated_dimer,3,,1,20264760,36,2,2,4,"[[[2,1],[0,3]],[[2,1],[0,3]]]","[2, 4, 2]",8,-4.431005462378124,-4.758770483143628,0.3277650207655043,5.530607265777841e-07,1.4118067813351318,1.0573239235231901e-06,7.489154589010327e-07,5.608743645809444e-13,12,0.4277780929256295,0.18299409678708853,5.121398093453208,1.2461052773428426e-15,1,1,0,0.5773554999905173,True,0,CONVERGENCE: RELATIVE REDUCTION OF F <= FACTR*EPSMCH,8,11,-4.431003268835791
4,n4_r15_repeated_dimer_v3,15,repeated_dimer,3,,2,20264797,36,2,2,4,"[[[2,1],[0,3]],[[2,1],[0,3]]]","[2, 4, 2]",8,-4.431005462378174,-4.758770483143628,0.32776502076545455,2.7335083947421184e-07,1.4118069004874358,5.44841607739625e-07,3.8591793789328755e-07,1.4893265478780736e-13,12,0.43329099481826605,0.18774108619060265,4.964708295223993,2.148332139609937e-15,1,1,0,0.30030400000396185,True,0,CONVERGENCE: RELATIVE REDUCTION OF F <= FACTR*EPSMCH,9,11,-4.431003502243751
4,n4_r16_matched_cut_budget_v0,16,matched_cut_budget,0,n4_r08_random_fixed_budget_v0,0,20264723,36,2,2,4,"[[[0,1],[1,3]],[[2,1],[2,0]]]","[2, 2, 1]",5,-4.532232317005373,-4.758770483143628,0.22653816613825573,4.561713354657575e-07,1.3761331766410754,9.224726624975767e-06,6.703367654787507e-06,4.493513791525136e-11,20,0.012808712279795045,0.00016406311026657237,6973.547461798763,3.1001625095204193e-15,1,1,0,1.172798999992665,True,0,CONVERGENCE: RELATIVE REDUCTION OF F <= FACTR*EPSMCH,292,308,-4.529049221817651
4,n4_r16_matched_cut_budget_v0,16,matched_cut_budget,0,n4_r08_random_fixed_budget_v0,1,20264760,36,2,2,4,"[[[0,1],[1,3]],[[2,1],[2,0]]]","[2, 2, 1]",5,-4.532232317004184,-4.758770483143628,0.2265381661394441,6.773624632373706e-07,1.3761334113455195,1.033075652476982e-05,7.507089385082865e-06,5.635639103562382e-11,20,0.012800853491378014,0.00016386185010772467,6978.8460940408,2.869041446980617e-15,1,1,0,0.6003297090064734,True,0,CONVERGENCE: RELATIVE REDUCTION OF F <= FACTR*EPSMCH,168,183,-4.530168089172477
4,n4_r16_matched_cut_budget_v0,16,matched_cut_budget,0,n4_r08_random_fixed_budget_v0,2,20264797,36,2,2,4,"[[[0,1],[1,3]],[[2,1],[2,0]]]","[2, 2, 1]",5,-4.532232316982369,-4.758770483143628,0.22653816616125955,1.3398968050203017e-06,1.3761328977759248,3.072070465176021e-05,2.2323937391083612e-05,4.98358180641021e-10,20,0.012800578232249886,0.0001638548030799496,6921.149332862434,2.637261095289003e-15,1,0,0,0.7577806670014979,True,0,CONVERGENCE: RELATIVE REDUCTION OF F <= FACTR*EPSMCH,246,262,-4.527824213042208
4,n4_r17_matched_cut_budget_v1,17,matched_cut_budget,1,n4_r09_random_fixed_budget_v1,0,20264723,36,2,2,4,"[[[2,1],[1,3]],[[2,3],[2,0]]]","[1, 3, 2]",6,-4.575847059125045,-4.758770483143628,0.18292342401858352,4.494398703241646e-07,1.886399796785289,1.8300024258887189e-06,9.701031716645221e-07,9.411001636735653e-13,20,0.0296841931588764,0.0008811513234934844,1703.9040064125122,9.71720721959943e-16,1,1,0,0.46023429099295754,True,0,CONVERGENCE: RELATIVE REDUCTION OF F <= FACTR*EPSMCH,101,112,-4.570773236883013
4,n4_r17_matched_cut_budget_v1,17,matched_cut_budget,1,n4_r09_random_fixed_budget_v1,1,20264760,36,2,2,4,"[[[2,1],[1,3]],[[2,3],[2,0]]]","[1, 3, 2]",6,-4.575847059123021,-4.758770483143628,0.18292342402060768,1.009476607563902e-06,1.8863997714007221,7.258336325472944e-06,3.847719044242334e-06,1.480494184342514e-11,20,0.02927000531022861,0.000856733210860811,1745.428750538422,2.404196028329208e-15,1,0,0,0.4673647500021616,True,0,CONVERGENCE: RELATIVE REDUCTION OF F <= FACTR*EPSMCH,107,119,-4.570142863842848
4,n4_r17_matched_cut_budget_v1,17,matched_cut_budget,1,n4_r09_random_fixed_budget_v1,2,20264797,36,2,2,4,"[[[2,1],[1,3]],[[2,3],[2,0]]]","[1, 3, 2]",6,-4.575847059122671,-4.758770483143628,0.18292342402095763,2.6304553661523526e-06,1.886399994059996,7.273379098709298e-06,3.855692918581493e-06,1.4866367882399474e-11,20,0.0283345977087827,0.0008028494273185537,1843.8182846462837,1.5246873559834333e-15,1,0,0,0.48901220799598377,True,0,CONVERGENCE: RELATIVE REDUCTION OF F <= FACTR*EPSMCH,110,123,-4.5705859867415
4,n4_r18_matched_cut_budget_v2,18,matched_cut_budget,2,n4_r10_random_fixed_budget_v2,0,20264723,36,2,2,4,"[[[0,3],[3,1]],[[0,2],[1,3]]]","[2, 4, 3]",9,-4.469202659908089,-4.758770483143628,0.2895678232355392,1.072581488772283e-06,1.3542038170947328,7.308508390897351e-06,5.396904290653086e-06,2.9126575922469694e-11,20,0.012582858580153315,0.0001583283300481379,7139.384830214554,1.4513900159970546e-15,1,0,0,0.639201291007339,True,0,CONVERGENCE: RELATIVE REDUCTION OF F <= FACTR*EPSMCH,182,196,-4.453774772428499
4,n4_r18_matched_cut_budget_v2,18,matched_cut_budget,2,n4_r10_random_fixed_budget_v2,1,20264760,36,2,2,4,"[[[0,3],[3,1]],[[0,2],[1,3]]]","[2, 4, 3]",9,-4.469202659862347,-4.758770483143628,0.2895678232812813,1.0895464523776436e-06,1.3542052790503656,3.0020287193856174e-05,2.2168195367623922e-05,4.914288858571428e-10,20,0.013592458828458137,0.00018475493700332955,5804.659769023604,2.9369405401892815e-15,1,0,0,0.6844169160031015,True,0,CONVERGENCE: RELATIVE REDUCTION OF F <= FACTR*EPSMCH,213,229,-4.440358561644493
4,n4_r18_matched_cut_budget_v2,18,matched_cut_budget,2,n4_r10_random_fixed_budget_v2,2,20264797,36,2,2,4,"[[[0,3],[3,1]],[[0,2],[1,3]]]","[2, 4, 3]",9,-4.469202659898664,-4.758770483143628,0.28956782324496455,5.872489306280696e-07,1.3542026073217754,1.3569907967651597e-05,1.002058916020623e-05,1.0041220711764259e-10,20,0.012609669096297913,0.0001590037547181306,7067.826027705186,3.1081002646439308e-15,1,1,0,0.5692088329960825,True,0,CONVERGENCE: RELATIVE REDUCTION OF F <= FACTR*EPSMCH,162,174,-4.446475245755808
4,n4_r19_matched_cut_budget_v3,19,matched_cut_budget,3,n4_r11_random_fixed_budget_v3,0,20264723,36,2,2,4,"[[[1,2],[0,3]],[[2,0],[0,3]]]","[3, 4, 2]",9,-4.565790801383128,-4.758770483143628,0.19297968176050073,7.288918539835109e-07,1.953586906999398,1.8006157231943112e-06,9.216972722037526e-07,8.495258615878383e-13,18,0.13502900752260427,0.01823283287253952,71.04950207423529,2.738985833727907e-15,1,1,0,0.2871246249997057,True,0,CONVERGENCE: RELATIVE REDUCTION OF F <= FACTR*EPSMCH,24,27,-4.565598646371499
4,n4_r19_matched_cut_budget_v3,19,matched_cut_budget,3,n4_r11_random_fixed_budget_v3,1,20264760,36,2,2,4,"[[[1,2],[0,3]],[[2,0],[0,3]]]","[3, 4, 2]",9,-4.565790801383139,-4.758770483143628,0.19297968176048919,7.327788968236591e-07,1.9535868874033084,1.81156976455505e-06,9.27304424613012e-07,8.598934959068692e-13,18,0.1356785884798072,0.018408679371872873,70.73803201055054,1.7072868402243861e-15,1,1,0,0.2819073330028914,True,0,CONVERGENCE: RELATIVE REDUCTION OF F <= FACTR*EPSMCH,24,26,-4.565778926545172
4,n4_r19_matched_cut_budget_v3,19,matched_cut_budget,3,n4_r11_random_fixed_budget_v3,2,20264797,36,2,2,4,"[[[1,2],[0,3]],[[2,0],[0,3]]]","[3, 4, 2]",9,-4.565790801383239,-4.758770483143628,0.1929796817603897,7.411319941330615e-07,1.9535868814869206,1.1792038170155025e-06,6.036096107064268e-07,3.643445621371641e-13,18,0.13456427101543328,0.018107543033914975,71.13846282800306,1.4651429989676456e-15,1,1,0,0.29193687498627696,True,0,CONVERGENCE: RELATIVE REDUCTION OF F <= FACTR*EPSMCH,25,29,-4.565742950509206
6,n6_r00_line_brickwork_v0,0,line_brickwork,0,,0,20266723,54,2,3,6,"[[[0,1],[2,3],[4,5]],[[2,1],[4,3],[1,0]]]","[2, 1, 1, 1, 1]",6,-7.118969789158391,-7.296229810558742,0.17726002140035124,5.552358724693287e-07,0.9817476034360996,5.907528081385811e-06,6.017359309775309e-06,3.6208613062939576e-11,28,0.04738482094267415,0.0022453212557692905,443.0176187280332,4.23895999659347e-15,1,1,0,0.5682671249960549,True,0,CONVERGENCE: RELATIVE REDUCTION OF F <= FACTR*EPSMCH,58,64,-7.117744666017669
6,n6_r00_line_brickwork_v0,0,line_brickwork,0,,1,20266760,54,2,3,6,"[[[0,1],[2,3],[4,5]],[[2,1],[4,3],[1,0]]]","[2, 1, 1, 1, 1]",6,-7.118969789155724,-7.296229810558742,0.17726002140301844,7.617879778760523e-07,0.9817483698245345,1.0748866618470702e-05,1.0948698209085716e-05,1.1987399247363677e-10,28,0.04752042496826801,0.00225819078916479,437.310660646999,3.0048463437903723e-15,1,1,0,0.5662900829920545,True,0,CONVERGENCE: RELATIVE REDUCTION OF F <= FACTR*EPSMCH,58,62,-7.1170937116534585
6,n6_r00_line_brickwork_v0,0,line_brickwork,0,,2,20266797,54,2,3,6,"[[[0,1],[2,3],[4,5]],[[2,1],[4,3],[1,0]]]","[2, 1, 1, 1, 1]",6,-7.118969789157039,-7.296229810558742,0.17726002140170305,1.26596334266297e-06,0.9817448798364669,7.635723025524401e-06,7.777705982837735e-06,6.04927103554699e-11,28,0.0476578677873822,0.002271272362039602,433.7823170537182,5.124245711541894e-15,1,0,0,0.5638460420013871,True,0,CONVERGENCE: RELATIVE REDUCTION OF F <= FACTR*EPSMCH,52,57,-7.118638572966692
6,n6_r01_line_brickwork_v1,1,line_brickwork,1,,0,20266723,54,2,3,6,"[[[1,2],[3,4],[0,1]],[[3,2],[5,4],[2,1]]]","[1, 2, 1, 1, 1]",6,-7.1200022067919155,-7.296229810558742,0.17622760376682667,2.1851530953035106e-06,1.1122586047736172,2.3573109128357724e-05,2.1193910325517924e-05,4.4918183488609526e-10,31,0.010843115292536488,0.00011757314924723865,8730.836236492727,5.6562464203291406e-15,1,0,0,0.965659624998807,True,0,CONVERGENCE: RELATIVE REDUCTION OF F <= FACTR*EPSMCH,171,183,-7.073553717545101
6,n6_r01_line_brickwork_v1,1,line_brickwork,1,,1,20266760,54,2,3,6,"[[[1,2],[3,4],[0,1]],[[3,2],[5,4],[2,1]]]","[1, 2, 1, 1, 1]",6,-7.120002206808069,-7.296229810558742,0.17622760375067337,8.701399186207242e-07,1.1122606424348473,8.252345874907957e-06,7.419435301462043e-06,5.5048020192581154e-11,31,0.010879483949364466,0.00011836317100447904,8866.665263666417,4.102910975286936e-15,1,1,0,1.0793951250088867,True,0,CONVERGENCE: RELATIVE REDUCTION OF F <= FACTR*EPSMCH,215,224,-7.074454556246196
6,n6_r01_line_brickwork_v1,1,line_brickwork,1,,2,20266797,54,2,3,6,"[[[1,2],[3,4],[0,1]],[[3,2],[5,4],[2,1]]]","[1, 2, 1, 1, 1]",6,-7.120002206801127,-7.296229810558742,0.17622760375761537,1.1141708057414248e-06,1.1122585904555908,1.4621715541599379e-05,1.3145967733645641e-05,1.7281646765405232e-10,31,0.010674589019676965,0.00011394685073900803,9116.275433600025,3.196623496251341e-15,1,0,0,1.0744065409962786,True,0,CONVERGENCE: RELATIVE REDUCTION OF F <= FACTR*EPSMCH,208,220,-7.076278734016685
6,n6_r02_line_brickwork_v2,2,line_brickwork,2,,0,20266723,54,2,3,6,"[[[3,2],[5,4],[2,1]],[[3,4],[0,1],[2,3]]]","[1, 1, 2, 1, 1]",6,-7.119408114812669,-7.296229810558742,0.17682169574607354,0.00010657643191844013,1.0635797730192864,0.001881932060257292,0.0017694319767993236,3.1308895205199622e-06,31,0.00931235340404961,8.671992592191437e-05,12091.29969903111,3.181590037427301e-15,0,0,0,1.4128648750047432,False,1,STOP: TOTAL NO. OF ITERATIONS REACHED LIMIT,300,327,-7.004395867764453
6,n6_r02_line_brickwork_v2,2,line_brickwork,2,,1,20266760,54,2,3,6,"[[[3,2],[5,4],[2,1]],[[3,4],[0,1],[2,3]]]","[1, 1, 2, 1, 1]",6,-7.1115720768618,-7.296229810558742,0.18465773369694194,0.049489810742840416,1.0619816742334502,0.3928382911222622,0.3699106120694758,0.1368338609216142,31,0.007576630217895228,5.7405325458723085e-05,17990.0039877009,3.9473852089990425e-15,0,0,0,1.416289417000371,False,1,STOP: TOTAL NO. OF ITERATIONS REACHED LIMIT,300,342,-7.001314075650503
6,n6_r02_line_brickwork_v2,2,line_brickwork,2,,2,20266797,54,2,3,6,"[[[3,2],[5,4],[2,1]],[[3,4],[0,1],[2,3]]]","[1, 1, 2, 1, 1]",6,-7.119405455582388,-7.296229810558742,0.17682435497635396,0.0008769450856728926,1.0638254664442945,0.0088031431707815,0.008274988189749697,6.847542954049697e-05,31,0.009627443790830553,9.268767394560177e-05,11377.115686851901,3.8114513447490205e-15,0,0,0,1.462632583003142,False,1,STOP: TOTAL NO. OF ITERATIONS REACHED LIMIT,300,330,-7.009191553459523
6,n6_r03_line_brickwork_v3,3,line_brickwork,3,,0,20266723,54,2,3,6,"[[[4,3],[1,0],[3,2]],[[4,5],[1,2],[3,4]]]","[1, 1, 1, 2, 1]",6,-7.107869203654486,-7.296229810558742,0.18836060690425604,0.004579570685002795,0.947634481942124,0.03142241257176965,0.03315878977659315,0.0010995053394482984,31,0.00022319631387175925,4.9816594525940874e-08,20467974.710785456,4.425006986767272e-15,0,0,0,1.383399709011428,False,1,STOP: TOTAL NO. OF ITERATIONS REACHED LIMIT,300,327,-7.068292601044302
6,n6_r03_line_brickwork_v3,3,line_brickwork,3,,1,20266760,54,2,3,6,"[[[4,3],[1,0],[3,2]],[[4,5],[1,2],[3,4]]]","[1, 1, 1, 2, 1]",6,-7.1106032240651755,-7.296229810558742,0.18562658649356667,0.00017017028310682976,0.9777989669850826,0.0012480126717957529,0.0012763489366774843,1.6290666081577448e-06,31,0.0010883499735251008,1.1845056648720876e-06,865277.5590282215,3.930427085634167e-15,0,0,0,1.346620583004551,False,1,STOP: TOTAL NO. OF ITERATIONS REACHED LIMIT,300,319,-7.039908566688972
6,n6_r03_line_brickwork_v3,3,line_brickwork,3,,2,20266797,54,2,3,6,"[[[4,3],[1,0],[3,2]],[[4,5],[1,2],[3,4]]]","[1, 1, 1, 2, 1]",6,-7.110585282939841,-7.296229810558742,0.18564452761890138,0.00042397852429376903,0.9748301258158046,0.010544884429937586,0.010817150753432968,0.00011701075042249543,31,0.006418856809984722,4.120172274708724e-05,24185.78202492486,2.575288539028589e-15,0,0,0,1.5147912919928785,False,1,STOP: TOTAL NO. OF ITERATIONS REACHED LIMIT,300,327,-7.049296628332531
6,n6_r04_ring_v0,4,ring,0,,0,20266723,54,2,3,6,"[[[0,1],[2,3],[4,5]],[[2,1],[4,3],[0,5]]]","[2, 2, 2, 2, 2]",10,-7.085750875575126,-7.296229810558742,0.21047893498361603,4.4474806081882185e-06,1.0645051346250032,9.941187141387299e-06,9.338787402739315e-06,8.721295015356253e-11,30,0.02096803692361902,0.0004396585724302506,2363.2349907135044,4.5950823387052356e-15,1,0,0,0.923470499998075,True,0,CONVERGENCE: RELATIVE REDUCTION OF F <= FACTR*EPSMCH,165,178,-7.0687706358507345
6,n6_r04_ring_v0,4,ring,0,,1,20266760,54,2,3,6,"[[[0,1],[2,3],[4,5]],[[2,1],[4,3],[0,5]]]","[2, 2, 2, 2, 2]",10,-7.085750875577139,-7.296229810558742,0.21047893498160342,2.027899072863616e-06,1.0645045694418038,7.460756481638415e-06,7.008665529308743e-06,4.91213925017206e-11,30,0.021416125690372288,0.0004586504395858239,2281.8192798654586,4.84806873762453e-15,1,0,0,0.9527145000029122,True,0,CONVERGENCE: RELATIVE REDUCTION OF F <= FACTR*EPSMCH,175,190,-7.068421675054731
6,n6_r04_ring_v0,4,ring,0,,2,20266797,54,2,3,6,"[[[0,1],[2,3],[4,5]],[[2,1],[4,3],[0,5]]]","[2, 2, 2, 2, 2]",10,-7.085750875578198,-7.296229810558742,0.21047893498054382,1.0087862090943847e-06,1.0645061398553155,5.610993589413973e-06,5.2709828335763304e-06,2.7783260031856362e-11,30,0.019956332903303807,0.00039825522294748613,2648.2435043589744,3.595301433419252e-15,1,0,0,0.8367960000032326,True,0,CONVERGENCE: RELATIVE REDUCTION OF F <= FACTR*EPSMCH,130,146,-7.069498061274144
6,n6_r05_ring_v1,5,ring,1,,0,20266723,54,2,3,6,"[[[1,2],[3,4],[5,0]],[[3,2],[5,4],[1,0]]]","[2, 2, 2, 2, 2]",10,-7.119192698661935,-7.296229810558742,0.17703711189680682,8.848287001907961e-07,0.977535889546318,7.5710108279810315e-06,7.744995256895168e-06,5.998495152932866e-11,30,0.010680674806142676,0.00011407681431457089,8895.340285464064,3.483366175728396e-15,1,1,0,0.8541701250069309,True,0,CONVERGENCE: RELATIVE REDUCTION OF F <= FACTR*EPSMCH,136,144,-7.085202974005518
6,n6_r05_ring_v1,5,ring,1,,1,20266760,54,2,3,6,"[[[1,2],[3,4],[5,0]],[[3,2],[5,4],[1,0]]]","[2, 2, 2, 2, 2]",10,-7.119192698643397,-7.296229810558742,0.17703711191534488,9.370673089349322e-07,0.9775357906697957,2.4820880318291075e-05,2.5391275240453457e-05,6.447168583364647e-10,30,0.010841858986538565,0.00011754590628398705,8898.971846050248,3.2409032178494146e-15,1,1,0,0.8435191250027856,True,0,CONVERGENCE: RELATIVE REDUCTION OF F <= FACTR*EPSMCH,122,131,-7.083452623201838
6,n6_r05_ring_v1,5,ring,1,,2,20266797,54,2,3,6,"[[[1,2],[3,4],[5,0]],[[3,2],[5,4],[1,0]]]","[2, 2, 2, 2, 2]",10,-7.119192698652334,-7.296229810558742,0.17703711190640803,1.615592558308742e-06,0.977534325921628,1.8129155952216715e-05,1.8545799847104486e-05,3.439466919688608e-10,30,0.011029513136685733,0.00012165016003232317,8725.605886243293,4.166099461481865e-15,1,0,0,0.8866111249953974,True,0,CONVERGENCE: RELATIVE REDUCTION OF F <= FACTR*EPSMCH,154,163,-7.087496495386601
6,n6_r06_ring_v2,6,ring,2,,0,20266723,54,2,3,6,"[[[3,2],[5,4],[1,0]],[[3,4],[5,0],[1,2]]]","[2, 2, 2, 2, 2]",10,-7.085750875572041,-7.296229810558742,0.21047893498670156,1.453154317527117e-06,1.0645064723600828,1.3452506791522863e-05,1.2637317988022887e-05,1.5970180593040684e-10,30,0.01973423648779669,0.0003894400897562863,2682.690003539107,6.186647261844901e-15,1,0,0,0.8973647079983493,True,0,CONVERGENCE: RELATIVE REDUCTION OF F <= FACTR*EPSMCH,161,170,-7.069572342757775
6,n6_r06_ring_v2,6,ring,2,,1,20266760,54,2,3,6,"[[[3,2],[5,4],[1,0]],[[3,4],[5,0],[1,2]]]","[2, 2, 2, 2, 2]",10,-7.085750875575624,-7.296229810558742,0.21047893498311776,1.132026525698778e-06,1.0645067362465486,9.700270481232701e-06,9.112455704541487e-06,8.303684896723069e-11,30,0.020389063490369952,0.00041571391001433695,2511.450299225189,3.4384930210801914e-15,1,0,0,1.3150175830087392,True,0,CONVERGENCE: RELATIVE REDUCTION OF F <= FACTR*EPSMCH,163,177,-7.0672162443972875
6,n6_r06_ring_v2,6,ring,2,,2,20266797,54,2,3,6,"[[[3,2],[5,4],[1,0]],[[3,4],[5,0],[1,2]]]","[2, 2, 2, 2, 2]",10,-7.085750875575779,-7.296229810558742,0.21047893498296322,1.3503426724238434e-06,1.06450464158083,9.583119751620114e-06,9.00242176247237e-06,8.104359758943614e-11,30,0.020898369017269495,0.00043674182758196957,2441.3850163327606,5.497542446693798e-15,1,0,0,1.38192841601267,True,0,CONVERGENCE: RELATIVE REDUCTION OF F <= FACTR*EPSMCH,135,145,-7.0696616302812565
6,n6_r07_ring_v3,7,ring,3,,0,20266723,54,2,3,6,"[[[4,3],[0,5],[2,1]],[[4,5],[0,1],[2,3]]]","[2, 2, 2, 2, 2]",10,-7.119192698655168,-7.296229810558742,0.17703711190357385,9.979172361858302e-07,0.9775361589549904,1.5625281444662647e-05,1.5984351373115904e-05,2.554994888192323e-10,30,0.010974735261254162,0.00012044481405461545,8903.824869830603,4.083409161820994e-15,1,1,0,0.8768530000088504,True,0,CONVERGENCE: RELATIVE REDUCTION OF F <= FACTR*EPSMCH,155,165,-7.086468014770144
6,n6_r07_ring_v3,7,ring,3,,1,20266760,54,2,3,6,"[[[4,3],[0,5],[2,1]],[[4,5],[0,1],[2,3]]]","[2, 2, 2, 2, 2]",10,-7.119192698663196,-7.296229810558742,0.1770371118955465,1.7153974036703102e-06,0.9775359396472023,4.4824658742023786e-06,4.5854742443742e-06,2.1026574045819144e-11,30,0.011154490555759415,0.000124422659558526,8643.525967675685,2.9881072799779664e-15,1,0,0,0.8585116249887506,True,0,CONVERGENCE: RELATIVE REDUCTION OF F <= FACTR*EPSMCH,150,159,-7.080443313963081
6,n6_r07_ring_v3,7,ring,3,,2,20266797,54,2,3,6,"[[[4,3],[0,5],[2,1]],[[4,5],[0,1],[2,3]]]","[2, 2, 2, 2, 2]",10,-7.11919269865807,-7.296229810558742,0.17703711190067217,1.2477088093930273e-06,0.9775358645176631,1.2909937077280226e-05,1.3206612203072737e-05,1.7441460588234972e-10,30,0.010625147009356205,0.0001128937489704311,9191.97597007135,3.607887554118541e-15,1,0,0,0.8303527500102064,True,0,CONVERGENCE: RELATIVE REDUCTION OF F <= FACTR*EPSMCH,140,150,-7.082789854733967
6,n6_r08_random_fixed_budget_v0,8,random_fixed_budget,0,,0,20266723,54,2,3,6,"[[[1,2],[4,5],[0,4]],[[4,0],[4,0],[3,2]]]","[1, 2, 2, 1, 1]",7,-7.000077130561276,-7.296229810558742,0.29615267999746653,7.90170092345342e-07,1.295484081876823,2.537326594445553e-06,1.9585934168867745e-06,3.8360881726722106e-12,24,2.4025155961147e-07,5.772081189574372e-14,17322748514828.014,4.363805721202454e-15,1,1,0,1.039278625001316,True,0,CONVERGENCE: RELATIVE REDUCTION OF F <= FACTR*EPSMCH,189,214,-6.942250334203008
6,n6_r08_random_fixed_budget_v0,8,random_fixed_budget,0,,1,20266760,54,2,3,6,"[[[1,2],[4,5],[0,4]],[[4,0],[4,0],[3,2]]]","[1, 2, 2, 1, 1]",7,-7.000077130542561,-7.296229810558742,0.29615268001618134,6.136033773806006e-06,1.2954859183715335,2.2040751383198945e-05,1.7013501320728258e-05,2.894592271904222e-10,24,1.7768782606866307e-06,3.157296353300746e-12,300331590358.8251,3.527750284070738e-15,1,0,0,1.0102774590050103,True,0,CONVERGENCE: RELATIVE REDUCTION OF F <= FACTR*EPSMCH,182,210,-6.943061734223167
6,n6_r08_random_fixed_budget_v0,8,random_fixed_budget,0,,2,20266797,54,2,3,6,"[[[1,2],[4,5],[0,4]],[[4,0],[4,0],[3,2]]]","[1, 2, 2, 1, 1]",7,-7.000077130560231,-7.296229810558742,0.296152679998511,2.0090600336898344e-06,1.295484308137564,5.7079169344222474e-06,4.4060100910277786e-06,1.9412924922238614e-11,24,9.357134941749758e-07,8.755597431811424e-13,1125522737490.6514,4.255335643144546e-15,1,0,0,0.8873195409978507,True,0,CONVERGENCE: RELATIVE REDUCTION OF F <= FACTR*EPSMCH,148,167,-6.947441259464864
6,n6_r09_random_fixed_budget_v1,9,random_fixed_budget,1,,0,20266723,54,2,3,6,"[[[0,4],[0,1],[0,2]],[[3,1],[3,2],[2,3]]]","[1, 2, 3, 1, 0]",7,-7.0246343106937355,-7.296229810558742,0.27159549986500675,1.653843771125048e-05,1.2104823955475186,0.0004772246535613924,0.00039424336555141456,1.554278312813063e-07,27,0.004026763566492358,1.6214824820430256e-05,69735.50940240044,5.618940138160272e-15,0,0,0,1.3824499999900581,False,1,STOP: TOTAL NO. OF ITERATIONS REACHED LIMIT,300,331,-6.928799911474311
6,n6_r09_random_fixed_budget_v1,9,random_fixed_budget,1,,1,20266760,54,2,3,6,"[[[0,4],[0,1],[0,2]],[[3,1],[3,2],[2,3]]]","[1, 2, 3, 1, 0]",7,-7.024634316948563,-7.296229810558742,0.271595493610179,1.9797000443167632e-06,1.2104837379037903,3.136589694270512e-05,2.591186974310108e-05,6.714249935834372e-10,27,0.008342479318755407,6.959696118386169e-05,15970.08844406736,3.796156111045888e-15,1,0,0,1.3290341250103666,True,0,CONVERGENCE: RELATIVE REDUCTION OF F <= FACTR*EPSMCH,287,312,-6.93073022809759
6,n6_r09_random_fixed_budget_v1,9,random_fixed_budget,1,,2,20266797,54,2,3,6,"[[[0,4],[0,1],[0,2]],[[3,1],[3,2],[2,3]]]","[1, 2, 3, 1, 0]",7,-7.024634315978482,-7.296229810558742,0.2715954945802599,1.96801410852775e-05,1.2104883092608243,0.00018503170007741113,0.00015285707318429153,2.3365284822467856e-08,27,0.007268993365799156,5.283826455203215e-05,21697.785020682233,3.637988229216283e-15,0,0,0,1.351395917008631,False,1,STOP: TOTAL NO. OF ITERATIONS REACHED LIMIT,300,321,-6.928063027694465
6,n6_r10_random_fixed_budget_v2,10,random_fixed_budget,2,,0,20266723,54,2,3,6,"[[[4,3],[4,5],[0,4]],[[4,5],[2,4],[3,1]]]","[1, 2, 3, 3, 2]",11,-6.997800180320708,-7.296229810558742,0.2984296302380338,0.001127385099925667,1.242521600228404,0.2117427919502822,0.17041377140756264,0.029040853485349016,32,1.4747385362073205e-06,2.1748537501749102e-12,501085173424.12286,2.0459925669354283e-15,0,0,0,1.3778603339887923,False,1,STOP: TOTAL NO. OF ITERATIONS REACHED LIMIT,300,329,-6.957638527223418
6,n6_r10_random_fixed_budget_v2,10,random_fixed_budget,2,,1,20266760,54,2,3,6,"[[[4,3],[4,5],[0,4]],[[4,5],[2,4],[3,1]]]","[1, 2, 3, 3, 2]",11,-6.9982677037225605,-7.296229810558742,0.29796210683618174,0.006571013088329262,1.2547566010666256,0.20892110610728756,0.16650329309261325,0.02772334661068467,32,7.47181456051736e-07,5.582801282675923e-13,2414020434861.553,3.5311172156224935e-15,0,0,0,1.368544416007353,False,1,STOP: TOTAL NO. OF ITERATIONS REACHED LIMIT,300,323,-6.960593995886218
6,n6_r10_random_fixed_budget_v2,10,random_fixed_budget,2,,2,20266797,54,2,3,6,"[[[4,3],[4,5],[0,4]],[[4,5],[2,4],[3,1]]]","[1, 2, 3, 3, 2]",11,-6.99807234158649,-7.296229810558742,0.2981574689722519,0.01580257047770176,1.2508325878031938,0.2690043631878461,0.2150602453205123,0.04625090911731893,32,1.7912753991556274e-05,3.208667555620152e-10,3493184822.937526,3.3401821321114333e-15,0,0,0,1.4470315409998875,False,1,STOP: TOTAL NO. OF ITERATIONS REACHED LIMIT,300,341,-6.972081617814101
6,n6_r11_random_fixed_budget_v3,11,random_fixed_budget,3,,0,20266723,54,2,3,6,"[[[2,4],[0,2],[4,0]],[[4,0],[0,2],[2,0]]]","[4, 4, 3, 3, 0]",14,-6.902496531850493,-7.296229810558742,0.3937332787082495,5.011887534076435e-07,1.5352740620378207,9.445377019745464e-07,6.152241644210611e-07,3.7850077248759277e-13,20,1.4324547408695105e-08,2.0519265846395364e-16,4496164823929041.5,3.618776962781774e-15,1,1,0,0.45254520898743067,True,0,CONVERGENCE: RELATIVE REDUCTION OF F <= FACTR*EPSMCH,18,22,-6.901974966534942
6,n6_r11_random_fixed_budget_v3,11,random_fixed_budget,3,,1,20266760,54,2,3,6,"[[[2,4],[0,2],[4,0]],[[4,0],[0,2],[2,0]]]","[4, 4, 3, 3, 0]",14,-6.902496531850525,-7.296229810558742,0.3937332787082175,5.661951766114675e-07,1.5352739465712302,8.162286204569743e-07,5.316501477015749e-07,2.8265187955110637e-13,20,6.323690562830324e-09,3.99890623344293e-17,2.263122145383098e+16,5.430536209251165e-15,1,1,0,0.44344412500504404,True,0,CONVERGENCE: RELATIVE REDUCTION OF F <= FACTR*EPSMCH,18,21,-6.902265474039867
6,n6_r11_random_fixed_budget_v3,11,random_fixed_budget,3,,2,20266797,54,2,3,6,"[[[2,4],[0,2],[4,0]],[[4,0],[0,2],[2,0]]]","[4, 4, 3, 3, 0]",14,-6.902496531850529,-7.296229810558742,0.39373327870821306,3.8713443662421786e-07,1.5352739829113498,6.154994958804556e-07,4.00905312492354e-07,1.60725069584592e-13,20,1.0264458314193825e-09,1.0535910448382274e-18,8.635955061729737e+17,2.8125341312340266e-15,1,1,0,0.471739249987877,True,0,CONVERGENCE: RELATIVE REDUCTION OF F <= FACTR*EPSMCH,22,25,-6.901920889401557
6,n6_r12_repeated_dimer_v0,12,repeated_dimer,0,,0,20266723,54,2,3,6,"[[[0,1],[2,3],[4,5]],[[0,1],[2,3],[4,5]]]","[2, 0, 2, 0, 2]",6,-7.030340347596617,-7.296229810558742,0.2658894629621251,9.452904515702171e-08,1.1301939131327992,1.4176335949466544e-07,1.2543277560371012e-07,1.5733381195650697e-14,18,0.4296721417705868,0.18461814941372326,5.28433127943502,3.0788807016173864e-15,1,1,1,0.42944675000035204,True,0,CONVERGENCE: RELATIVE REDUCTION OF F <= FACTR*EPSMCH,10,12,-7.030339128145272
6,n6_r12_repeated_dimer_v0,12,repeated_dimer,0,,1,20266760,54,2,3,6,"[[[0,1],[2,3],[4,5]],[[0,1],[2,3],[4,5]]]","[2, 0, 2, 0, 2]",6,-7.03034034759656,-7.296229810558742,0.26588946296218197,7.974160000990572e-07,1.130193895015128,1.0153368543404377e-06,8.98374039019957e-07,8.070759139850311e-13,18,0.44709320012202247,0.19989232959535083,4.8035338302663595,4.443817765003929e-15,1,1,0,0.5253370419959538,True,0,CONVERGENCE: RELATIVE REDUCTION OF F <= FACTR*EPSMCH,8,10,-7.030338387359378
6,n6_r12_repeated_dimer_v0,12,repeated_dimer,0,,2,20266797,54,2,3,6,"[[[0,1],[2,3],[4,5]],[[0,1],[2,3],[4,5]]]","[2, 0, 2, 0, 2]",6,-7.030340347596593,-7.296229810558742,0.2658894629621491,3.325138553567911e-07,1.1301939870923488,5.809385926079639e-07,5.140167079658114e-07,2.642131760680103e-13,18,0.4494713630053839,0.20202450616191756,4.854319610153795,2.976710411486701e-15,1,1,0,0.537088708995725,True,0,CONVERGENCE: RELATIVE REDUCTION OF F <= FACTR*EPSMCH,9,11,-7.030338222350925
6,n6_r13_repeated_dimer_v1,13,repeated_dimer,1,,0,20266723,54,2,3,6,"[[[1,2],[3,4],[5,0]],[[1,2],[3,4],[5,0]]]","[2, 4, 2, 4, 2]",14,-6.941449041881406,-7.296229810558742,0.3547807686773359,3.4266060382067385e-07,1.474251998826241,5.34137975085752e-07,3.6231117577660946e-07,1.312693880926292e-13,18,0.41777307196929725,0.17453433966266363,5.5312708055802,6.566726377669847e-15,1,1,0,0.4150456670031417,True,0,CONVERGENCE: RELATIVE REDUCTION OF F <= FACTR*EPSMCH,9,11,-6.941445133806756
6,n6_r13_repeated_dimer_v1,13,repeated_dimer,1,,1,20266760,54,2,3,6,"[[[1,2],[3,4],[5,0]],[[1,2],[3,4],[5,0]]]","[2, 4, 2, 4, 2]",14,-6.941449041881419,-7.296229810558742,0.35478076867732344,1.585391216852795e-07,1.4742518720148154,2.620713361885117e-07,1.7776564585964997e-07,3.1600624847898486e-14,18,0.4298792751076152,0.1847961911670487,5.062404977462128,6.673941463193499e-15,1,1,0,0.41551483400689904,True,0,CONVERGENCE: RELATIVE REDUCTION OF F <= FACTR*EPSMCH,9,11,-6.941447033050131
6,n6_r13_repeated_dimer_v1,13,repeated_dimer,1,,2,20266797,54,2,3,6,"[[[1,2],[3,4],[5,0]],[[1,2],[3,4],[5,0]]]","[2, 4, 2, 4, 2]",14,-6.9414490418814045,-7.296229810558742,0.35478076867733765,3.038444886134735e-07,1.4742519284594038,6.032600828987453e-07,4.0919741819782003e-07,1.6744252705976163e-13,18,0.4175740591058792,0.1743680948381603,5.477794764584589,4.664787785061125e-15,1,1,0,0.42135266699187923,True,0,CONVERGENCE: RELATIVE REDUCTION OF F <= FACTR*EPSMCH,9,11,-6.941447279703352
6,n6_r14_repeated_dimer_v2,14,repeated_dimer,2,,0,20266723,54,2,3,6,"[[[1,0],[3,2],[5,4]],[[1,0],[3,2],[5,4]]]","[2, 0, 2, 0, 2]",6,-7.030340347596586,-7.296229810558742,0.2658894629621562,4.14738213235798e-07,1.130194054196238,6.451117398739781e-07,5.707973223525435e-07,3.258095832048335e-13,18,0.44940910533489087,0.20196854395790703,4.835887101307634,4.714587522876788e-15,1,1,0,0.41678054101066664,True,0,CONVERGENCE: RELATIVE REDUCTION OF F <= FACTR*EPSMCH,9,11,-7.0303369922594525
6,n6_r14_repeated_dimer_v2,14,repeated_dimer,2,,1,20266760,54,2,3,6,"[[[1,0],[3,2],[5,4]],[[1,0],[3,2],[5,4]]]","[2, 0, 2, 0, 2]",6,-7.0303403475965816,-7.296229810558742,0.26588946296216065,6.38167751034172e-07,1.1301938898199921,7.908686421872826e-07,6.997636859576772e-07,4.896692161850747e-13,18,0.4234689486151877,0.17932595044125246,5.580923590317558,2.6169119655179773e-15,1,1,0,0.42055562500900123,True,0,CONVERGENCE: RELATIVE REDUCTION OF F <= FACTR*EPSMCH,9,11,-7.030335915210467
6,n6_r14_repeated_dimer_v2,14,repeated_dimer,2,,2,20266797,54,2,3,6,"[[[1,0],[3,2],[5,4]],[[1,0],[3,2],[5,4]]]","[2, 0, 2, 0, 2]",6,-7.030340347596599,-7.296229810558742,0.2658894629621429,2.497709210911056e-07,1.1301938853522748,4.674280486243319e-07,4.135821779628876e-07,1.7105021792852563e-13,18,0.4240856597991877,0.1798486468473124,5.4391463570507055,2.1422421752300755e-15,1,1,0,0.42183700000168756,True,0,CONVERGENCE: RELATIVE REDUCTION OF F <= FACTR*EPSMCH,10,12,-7.030336077113792
6,n6_r15_repeated_dimer_v3,15,repeated_dimer,3,,0,20266723,54,2,3,6,"[[[2,1],[4,3],[0,5]],[[2,1],[4,3],[0,5]]]","[2, 4, 2, 4, 2]",14,-6.941449041881427,-7.296229810558742,0.35478076867731545,1.6010218471446792e-07,1.4742520262071228,2.565367634603181e-07,1.7401147083400811e-07,3.0279991981814856e-14,18,0.39644157745008446,0.15716592433111132,6.113859988557012,2.764670132416173e-15,1,1,0,0.44189029101107735,True,0,CONVERGENCE: RELATIVE REDUCTION OF F <= FACTR*EPSMCH,11,14,-6.941444965190735
6,n6_r15_repeated_dimer_v3,15,repeated_dimer,3,,1,20266760,54,2,3,6,"[[[2,1],[4,3],[0,5]],[[2,1],[4,3],[0,5]]]","[2, 4, 2, 4, 2]",14,-6.94144904188142,-7.296229810558742,0.35478076867732256,2.8790374057304907e-07,1.4742520086804427,5.238211964070068e-07,3.5531319836956707e-07,1.2624746893561132e-13,18,0.4244959972185981,0.18019685165461205,5.228379788857146,3.272175038525031e-15,1,1,0,0.42397004200029187,True,0,CONVERGENCE: RELATIVE REDUCTION OF F <= FACTR*EPSMCH,9,11,-6.941444459672778
6,n6_r15_repeated_dimer_v3,15,repeated_dimer,3,,2,20266797,54,2,3,6,"[[[2,1],[4,3],[0,5]],[[2,1],[4,3],[0,5]]]","[2, 4, 2, 4, 2]",14,-6.941449041881373,-7.296229810558742,0.35478076867736963,4.77747144523136e-07,1.4742519356504202,9.575417090043456e-07,6.495102267455332e-07,4.21863534647034e-13,18,0.4159712087288208,0.1730320464913162,5.440035682553256,2.8417159377491944e-15,1,1,0,0.5358830830082297,True,0,CONVERGENCE: RELATIVE REDUCTION OF F <= FACTR*EPSMCH,9,12,-6.941445108433538
6,n6_r16_matched_cut_budget_v0,16,matched_cut_budget,0,n6_r08_random_fixed_budget_v0,0,20266723,54,2,3,6,"[[[2,4],[1,2],[0,1]],[[5,2],[1,4],[5,2]]]","[1, 2, 2, 2, 0]",7,-6.995972000771175,-7.296229810558742,0.300257809787567,5.095312153633661e-07,1.2511360223163854,2.477047961640147e-06,1.979839056231533e-06,3.919762688579767e-12,25,4.70358436987552e-09,2.212370592453729e-17,5.037252733838498e+16,3.984669313744852e-15,1,1,0,0.7363121249945834,True,0,CONVERGENCE: RELATIVE REDUCTION OF F <= FACTR*EPSMCH,66,79,-6.9689192948181375
6,n6_r16_matched_cut_budget_v0,16,matched_cut_budget,0,n6_r08_random_fixed_budget_v0,1,20266760,54,2,3,6,"[[[2,4],[1,2],[0,1]],[[5,2],[1,4],[5,2]]]","[1, 2, 2, 2, 0]",7,-6.995972000770959,-7.296229810558742,0.3002578097877828,4.903066013039015e-07,1.2511361858068206,3.50142993080628e-06,2.798600160819673e-06,7.832162860139898e-12,25,7.970762727153027e-09,6.353305845257196e-17,1.5909319381573558e+16,3.316927611049178e-15,1,1,0,0.6165425829967717,True,0,CONVERGENCE: RELATIVE REDUCTION OF F <= FACTR*EPSMCH,67,79,-6.956729867429409
6,n6_r16_matched_cut_budget_v0,16,matched_cut_budget,0,n6_r08_random_fixed_budget_v0,2,20266797,54,2,3,6,"[[[2,4],[1,2],[0,1]],[[5,2],[1,4],[5,2]]]","[1, 2, 2, 2, 0]",7,-6.995972000770415,-7.296229810558742,0.3002578097883273,1.138794447168049e-06,1.2511360408051064,4.633207308422355e-06,3.7032002574563233e-06,1.3713692146824579e-11,25,5.628515554590585e-09,3.168018734826816e-17,3.5010190023537336e+16,4.002302992408904e-15,1,0,0,0.728595790991676,True,0,CONVERGENCE: RELATIVE REDUCTION OF F <= FACTR*EPSMCH,92,108,-6.966834869389639
6,n6_r17_matched_cut_budget_v1,17,matched_cut_budget,1,n6_r09_random_fixed_budget_v1,0,20266723,54,2,3,6,"[[[1,3],[3,0],[1,2]],[[5,3],[3,4],[3,4]]]","[1, 2, 2, 1, 1]",7,-6.922667304634536,-7.296229810558742,0.37356250592420626,2.3946528999827362e-05,1.5153936428083297,0.002662605738198124,0.001757039004904217,3.087186064754801e-06,25,9.892971380608204e-06,9.7870882737533e-11,9306471280.57275,4.492003248215691e-15,0,0,0,1.4128826250089332,False,1,STOP: TOTAL NO. OF ITERATIONS REACHED LIMIT,300,329,-6.921590174012736
6,n6_r17_matched_cut_budget_v1,17,matched_cut_budget,1,n6_r09_random_fixed_budget_v1,1,20266760,54,2,3,6,"[[[1,3],[3,0],[1,2]],[[5,3],[3,4],[3,4]]]","[1, 2, 2, 1, 1]",7,-6.922667306213633,-7.296229810558742,0.3735625043451094,1.5606173550308686e-05,1.5154003154366809,0.0009832045638019484,0.0006488084724455308,4.2095243391710306e-07,25,3.2343435623862165e-06,1.0460978279549161e-11,85738921673.11235,4.2237346245048064e-15,0,0,0,1.4024872910085833,False,1,STOP: TOTAL NO. OF ITERATIONS REACHED LIMIT,300,325,-6.92162873756664
6,n6_r17_matched_cut_budget_v1,17,matched_cut_budget,1,n6_r09_random_fixed_budget_v1,2,20266797,54,2,3,6,"[[[1,3],[3,0],[1,2]],[[5,3],[3,4],[3,4]]]","[1, 2, 2, 1, 1]",7,-6.922667300192658,-7.296229810558742,0.37356251036608423,3.510896813903129e-05,1.5153895873994359,0.0030363967735078617,0.002003707032670477,4.014841872773128e-06,25,5.712176867062358e-05,3.2628964560602338e-09,276423204.7211833,5.389985104572414e-15,0,0,0,1.6697724999976344,False,1,STOP: TOTAL NO. OF ITERATIONS REACHED LIMIT,300,333,-6.921642799543348
6,n6_r18_matched_cut_budget_v2,18,matched_cut_budget,2,n6_r10_random_fixed_budget_v2,0,20266723,54,2,3,6,"[[[3,1],[0,2],[1,0]],[[2,4],[2,0],[4,0]]]","[3, 3, 3, 2, 0]",11,-6.902496531850489,-7.296229810558742,0.39373327870825303,6.003229089039314e-07,1.535274057152884,1.1058167148794802e-06,7.202731718988214e-07,5.187934421571891e-13,24,6.2043353836229165e-09,3.849377755247532e-17,2.3958995491726576e+16,3.277840440262882e-15,1,1,0,0.4441767499956768,True,0,CONVERGENCE: RELATIVE REDUCTION OF F <= FACTR*EPSMCH,15,19,-6.902473261280143
6,n6_r18_matched_cut_budget_v2,18,matched_cut_budget,2,n6_r10_random_fixed_budget_v2,1,20266760,54,2,3,6,"[[[3,1],[0,2],[1,0]],[[2,4],[2,0],[4,0]]]","[3, 3, 3, 2, 0]",11,-6.902496531850407,-7.296229810558742,0.39373327870833563,1.2246039570192752e-06,1.5352740887694993,3.909483691173215e-06,2.54644022182815e-06,6.484357803344198e-12,24,9.736735945763152e-10,9.480402687751625e-19,9.840863908512145e+17,3.142758238706823e-15,1,0,0,0.4543056249967776,True,0,CONVERGENCE: RELATIVE REDUCTION OF F <= FACTR*EPSMCH,15,17,-6.902484261302681
6,n6_r18_matched_cut_budget_v2,18,matched_cut_budget,2,n6_r10_random_fixed_budget_v2,2,20266797,54,2,3,6,"[[[3,1],[0,2],[1,0]],[[2,4],[2,0],[4,0]]]","[3, 3, 3, 2, 0]",11,-6.902496531850507,-7.296229810558742,0.39373327870823527,4.0884613239155793e-07,1.5352741579560467,9.422684801615698e-07,6.137460695723806e-07,3.7668423791554546e-13,24,4.516336860662999e-10,2.0397298638983314e-19,4.448570632223879e+18,4.13657626177386e-15,1,1,0,0.44009483300033025,True,0,CONVERGENCE: RELATIVE REDUCTION OF F <= FACTR*EPSMCH,14,17,-6.9024934468161465
6,n6_r19_matched_cut_budget_v3,19,matched_cut_budget,3,n6_r11_random_fixed_budget_v3,0,20266723,54,2,3,6,"[[[2,1],[3,0],[0,2]],[[3,1],[5,2],[1,4]]]","[2, 5, 4, 2, 1]",14,-6.902496531850446,-7.296229810558742,0.39373327870829655,1.116161130260812e-06,1.5352739321393207,1.7256591952734836e-06,1.1240073573507962e-06,1.2633925393787204e-12,28,2.705621520690251e-08,7.320387813222227e-16,1260392518783441.2,3.693590402875196e-15,1,0,0,0.46255520900012925,True,0,CONVERGENCE: RELATIVE REDUCTION OF F <= FACTR*EPSMCH,23,26,-6.902438576530779
6,n6_r19_matched_cut_budget_v3,19,matched_cut_budget,3,n6_r11_random_fixed_budget_v3,1,20266760,54,2,3,6,"[[[2,1],[3,0],[0,2]],[[3,1],[5,2],[1,4]]]","[2, 5, 4, 2, 1]",14,-6.902496531850101,-7.296229810558742,0.39373327870864117,6.02492035833413e-07,1.5352740466663137,3.3022478701996695e-06,2.1509175364295085e-06,4.626446248519986e-12,28,9.378996944263688e-09,8.79655836805076e-17,1.0582367778025186e+16,2.651868464809164e-15,1,1,0,0.4485914580000099,True,0,CONVERGENCE: RELATIVE REDUCTION OF F <= FACTR*EPSMCH,19,23,-6.902434515073332
6,n6_r19_matched_cut_budget_v3,19,matched_cut_budget,3,n6_r11_random_fixed_budget_v3,2,20266797,54,2,3,6,"[[[2,1],[3,0],[0,2]],[[3,1],[5,2],[1,4]]]","[2, 5, 4, 2, 1]",14,-6.902496531850309,-7.296229810558742,0.39373327870843333,5.334460553457581e-07,1.5352739439915577,2.3297446719279397e-06,1.5174781549870105e-06,2.302739950862781e-12,28,6.389983909581273e-09,4.083189436470757e-17,2.2677026393558064e+16,3.075219564953783e-15,1,1,0,0.46446262500830926,True,0,CONVERGENCE: RELATIVE REDUCTION OF F <= FACTR*EPSMCH,20,23,-6.902463290477684
8,n8_r00_line_brickwork_v0,0,line_brickwork,0,,0,20268723,72,2,4,8,"[[[0,1],[2,3],[4,5],[6,7]],[[2,1],[4,3],[6,5],[1,0]]]","[2, 1, 1, 1, 1, 1, 1]",8,-9.646844645081561,-9.837951447459446,0.19110680237788458,1.365539493110912e-06,0.9633921051423568,1.5649333059232512e-05,1.6243991388034126e-05,2.638672562145268e-10,38,0.029129829285885558,0.0008485469542248359,1160.387642386392,1.280961706062298e-14,1,0,0,1.5139302500028862,True,0,CONVERGENCE: RELATIVE REDUCTION OF F <= FACTR*EPSMCH,195,205,-9.643274905406201
8,n8_r00_line_brickwork_v0,0,line_brickwork,0,,1,20268760,72,2,4,8,"[[[0,1],[2,3],[4,5],[6,7]],[[2,1],[4,3],[6,5],[1,0]]]","[2, 1, 1, 1, 1, 1, 1]",8,-9.64684464509853,-9.837951447459446,0.19110680236091504,1.295987941750753e-06,0.963390629760311,8.213318176177057e-06,8.525428753879938e-06,7.268293543748283e-11,38,0.028949237258441087,0.0008380583378455136,1185.0292467450797,4.259292253606629e-15,1,0,0,1.3944037089968333,True,0,CONVERGENCE: RELATIVE REDUCTION OF F <= FACTR*EPSMCH,179,188,-9.643391099830124
8,n8_r00_line_brickwork_v0,0,line_brickwork,0,,2,20268797,72,2,4,8,"[[[0,1],[2,3],[4,5],[6,7]],[[2,1],[4,3],[6,5],[1,0]]]","[2, 1, 1, 1, 1, 1, 1]",8,-9.646844645085551,-9.837951447459446,0.19110680237389488,1.1640763270819314e-06,0.9633928400223359,1.4771556223502588e-05,1.5332848252391117e-05,2.350962355308533e-10,38,0.028282563240345934,0.0007999033834441671,1238.536771019275,7.593723611062088e-15,1,0,0,1.2636192920035683,True,0,CONVERGENCE: RELATIVE REDUCTION OF F <= FACTR*EPSMCH,129,138,-9.644528824521359
8,n8_r01_line_brickwork_v1,1,line_brickwork,1,,0,20268723,72,2,4,8,"[[[1,2],[3,4],[5,6],[0,1]],[[3,2],[5,4],[7,6],[2,1]]]","[1, 2, 1, 1, 1, 1, 1]",8,-9.648960485498844,-9.837951447459446,0.18899096196060228,1.2863877064817624e-06,0.9786567192151712,1.738253653466833e-05,1.77616279471398e-05,3.154754273326176e-10,41,0.011052174240641281,0.00012215055544549468,8431.726842964537,6.514641307847873e-15,1,0,0,2.5131134590046713,True,0,CONVERGENCE: RELATIVE REDUCTION OF F <= FACTR*EPSMCH,295,311,-9.601706572631489
8,n8_r01_line_brickwork_v1,1,line_brickwork,1,,1,20268760,72,2,4,8,"[[[1,2],[3,4],[5,6],[0,1]],[[3,2],[5,4],[7,6],[2,1]]]","[1, 2, 1, 1, 1, 1, 1]",8,-9.648960485446565,-9.837951447459446,0.18899096201288046,1.5131282138716777e-06,0.9786564524510539,4.3920678793881075e-05,4.4878546178162254e-05,2.014083907065442e-09,41,0.011274351638628418,0.0001271110048714433,8356.936381870155,5.497842626122914e-15,1,0,0,1.6973063340119552,True,0,CONVERGENCE: RELATIVE REDUCTION OF F <= FACTR*EPSMCH,220,234,-9.604214313430989
8,n8_r01_line_brickwork_v1,1,line_brickwork,1,,2,20268797,72,2,4,8,"[[[1,2],[3,4],[5,6],[0,1]],[[3,2],[5,4],[7,6],[2,1]]]","[1, 2, 1, 1, 1, 1, 1]",8,-9.648960485481414,-9.837951447459446,0.1889909619780319,8.46811046011047e-06,0.9786591252844237,2.5369866113791283e-05,2.592308747585442e-05,6.720064642808003e-10,41,0.010917884832856571,0.00011920020922351956,8537.467724708491,7.225712180323417e-15,1,0,0,1.9085786250070669,True,0,CONVERGENCE: RELATIVE REDUCTION OF F <= FACTR*EPSMCH,282,297,-9.605346092679703
8,n8_r02_line_brickwork_v2,2,line_brickwork,2,,0,20268723,72,2,4,8,"[[[3,2],[5,4],[7,6],[2,1]],[[3,4],[5,6],[0,1],[2,3]]]","[1, 1, 2, 1, 1, 1, 1]",8,-9.643718480215167,-9.837951447459446,0.19423296724427885,6.733103745600092e-05,0.9701083700031845,0.004303396301178399,0.004435995435400968,1.967805550289822e-05,41,0.0007165647212133407,5.134649996875528e-07,2102343.0399635364,6.512865015698126e-15,0,0,0,2.1058248749905033,False,1,STOP: TOTAL NO. OF ITERATIONS REACHED LIMIT,300,323,-9.56141809217856
8,n8_r02_line_brickwork_v2,2,line_brickwork,2,,1,20268760,72,2,4,8,"[[[3,2],[5,4],[7,6],[2,1]],[[3,4],[5,6],[0,1],[2,3]]]","[1, 1, 2, 1, 1, 1, 1]",8,-9.643721335862866,-9.837951447459446,0.1942301115965801,0.0001372068050967862,0.9701094106310361,0.01045853503225672,0.010780778866430807,0.00011622519296688111,41,0.0011771607240218351,1.385707370179611e-06,745246.7394014151,5.661089877722659e-15,0,0,0,2.2401586250052787,False,1,STOP: TOTAL NO. OF ITERATIONS REACHED LIMIT,300,318,-9.555886818047494
8,n8_r02_line_brickwork_v2,2,line_brickwork,2,,2,20268797,72,2,4,8,"[[[3,2],[5,4],[7,6],[2,1]],[[3,4],[5,6],[0,1],[2,3]]]","[1, 1, 2, 1, 1, 1, 1]",8,-9.64373328515192,-9.837951447459446,0.19421816230752498,0.000464908280496583,0.970202991954158,0.02186814501857394,0.022539762503234174,0.0005080408937022013,41,0.001960406316464378,3.843192925633432e-06,270276.89000168076,6.170984759989641e-15,0,0,0,2.0645835420000367,False,1,STOP: TOTAL NO. OF ITERATIONS REACHED LIMIT,300,318,-9.562337027090111
8,n8_r03_line_brickwork_v3,3,line_brickwork,3,,0,20268723,72,2,4,8,"[[[4,3],[6,5],[1,0],[3,2]],[[4,5],[6,7],[1,2],[3,4]]]","[1, 1, 1, 2, 1, 1, 1]",8,-9.653621171231404,-9.837951447459446,0.18433027622804232,4.480861719920625e-05,0.9662294943025148,0.005907708859257582,0.0061141880827412926,3.738329591113564e-05,41,0.0018046477067251206,3.256753345388237e-06,324935.8644029295,4.195412058045201e-15,0,0,0,2.1272826249914942,False,1,STOP: TOTAL NO. OF ITERATIONS REACHED LIMIT,300,323,-9.585855787910774
8,n8_r03_line_brickwork_v3,3,line_brickwork,3,,1,20268760,72,2,4,8,"[[[4,3],[6,5],[1,0],[3,2]],[[4,5],[6,7],[1,2],[3,4]]]","[1, 1, 1, 2, 1, 1, 1]",8,-9.65362066687933,-9.837951447459446,0.18433078058011532,0.00016676292107796486,0.9661640968893481,0.0032195635020982414,0.0033323154032155766,1.110432594650779e-05,41,0.0018028982826342852,3.2504422175256546e-06,327577.5578345767,4.13142449579664e-15,0,0,0,2.1670042499899864,False,1,STOP: TOTAL NO. OF ITERATIONS REACHED LIMIT,300,323,-9.581649203944071
8,n8_r03_line_brickwork_v3,3,line_brickwork,3,,2,20268797,72,2,4,8,"[[[4,3],[6,5],[1,0],[3,2]],[[4,5],[6,7],[1,2],[3,4]]]","[1, 1, 1, 2, 1, 1, 1]",8,-9.653621180589623,-9.837951447459446,0.18433026686982323,6.821719032946176e-05,0.9661817021176556,0.006016637852423392,0.006227232247553704,3.877842146497276e-05,41,0.001807678155670168,3.2677003144871e-06,324180.004608427,7.223690786118796e-15,0,0,0,2.3516260420001345,False,1,STOP: TOTAL NO. OF ITERATIONS REACHED LIMIT,300,327,-9.582222930694746
8,n8_r04_ring_v0,4,ring,0,,0,20268723,72,2,4,8,"[[[0,1],[2,3],[4,5],[6,7]],[[2,1],[4,3],[6,5],[0,7]]]","[2, 2, 2, 2, 2, 2, 2]",14,-9.59841507023287,-9.837951447459446,0.2395363772265764,1.332828622939212e-06,1.202278753250261,7.4659388582321955e-06,6.209823502285679e-06,3.8561907929539576e-11,40,0.03402102735174785,0.0011574303020683752,874.4608966760716,6.9762743323469015e-15,1,0,0,1.3196127499977592,True,0,CONVERGENCE: RELATIVE REDUCTION OF F <= FACTR*EPSMCH,159,165,-9.594911160699784
8,n8_r04_ring_v0,4,ring,0,,1,20268760,72,2,4,8,"[[[0,1],[2,3],[4,5],[6,7]],[[2,1],[4,3],[6,5],[0,7]]]","[2, 2, 2, 2, 2, 2, 2]",14,-9.59841507022516,-9.837951447459446,0.23953637723428578,1.1668289893205882e-06,1.202279737596825,1.325246726156717e-05,1.1022781842815418e-05,1.2150171955430126e-10,40,0.033958735394706174,0.0011531957096076698,861.1351098062025,3.6740994134273896e-15,1,0,0,1.4160420419939328,True,0,CONVERGENCE: RELATIVE REDUCTION OF F <= FACTR*EPSMCH,172,180,-9.58135712575617
8,n8_r04_ring_v0,4,ring,0,,2,20268797,72,2,4,8,"[[[0,1],[2,3],[4,5],[6,7]],[[2,1],[4,3],[6,5],[0,7]]]","[2, 2, 2, 2, 2, 2, 2]",14,-9.59841507022668,-9.837951447459446,0.23953637723276522,2.6447637763297596e-06,1.202280710090799,1.2776189522282023e-05,1.06266277210063e-05,1.1292521672085954e-10,40,0.033838871890941265,0.001145069250851535,835.725687498206,1.0465544054398789e-14,1,0,0,1.3298394169978565,True,0,CONVERGENCE: RELATIVE REDUCTION OF F <= FACTR*EPSMCH,156,167,-9.595474390159428
8,n8_r05_ring_v1,5,ring,1,,0,20268723,72,2,4,8,"[[[1,2],[3,4],[5,6],[7,0]],[[3,2],[5,4],[7,6],[1,0]]]","[2, 2, 2, 2, 2, 2, 2]",14,-9.661226701785454,-9.837951447459446,0.176724745673992,1.115763505192978e-06,0.9000330741520719,2.6850387759912028e-05,2.983266785524297e-05,8.899880713612471e-10,40,0.011096843300884533,0.00012313993124438594,8382.913939939563,8.244696848001588e-15,1,0,0,1.9157322919927537,True,0,CONVERGENCE: RELATIVE REDUCTION OF F <= FACTR*EPSMCH,267,277,-9.61214600440683
8,n8_r05_ring_v1,5,ring,1,,1,20268760,72,2,4,8,"[[[1,2],[3,4],[5,6],[7,0]],[[3,2],[5,4],[7,6],[1,0]]]","[2, 2, 2, 2, 2, 2, 2]",14,-9.661226701752438,-9.837951447459446,0.17672474570700736,3.11710168572466e-06,0.9000332977310248,4.234608162968821e-05,4.7049461099319625e-05,2.2136517897363908e-09,40,0.011515191516499972,0.00013259963566167294,8057.460922987792,4.945587606614562e-15,1,0,0,1.7714897919940995,True,0,CONVERGENCE: RELATIVE REDUCTION OF F <= FACTR*EPSMCH,240,252,-9.611264645087875
8,n8_r05_ring_v1,5,ring,1,,2,20268797,72,2,4,8,"[[[1,2],[3,4],[5,6],[7,0]],[[3,2],[5,4],[7,6],[1,0]]]","[2, 2, 2, 2, 2, 2, 2]",14,-9.661226701807855,-9.837951447459446,0.17672474565159035,1.5964905843244551e-06,0.9000333622671907,1.271039694262436e-05,1.4122139773359929e-05,1.9943483177831443e-10,40,0.010975679075531639,0.00012046553116906305,8584.258557910085,1.0036553891361453e-14,1,0,0,1.750378708995413,True,0,CONVERGENCE: RELATIVE REDUCTION OF F <= FACTR*EPSMCH,237,252,-9.61246561158044
8,n8_r06_ring_v2,6,ring,2,,0,20268723,72,2,4,8,"[[[3,2],[5,4],[7,6],[1,0]],[[3,4],[5,6],[7,0],[1,2]]]","[2, 2, 2, 2, 2, 2, 2]",14,-9.598415070138888,-9.837951447459446,0.2395363773205581,9.692615133878159e-06,1.20227462778871,3.867955663936971e-05,3.217198113089294e-05,1.0350363698865314e-09,40,0.03385851668517019,0.0011463991521199481,857.4884261124528,5.610628192316816e-15,1,0,0,1.2681482910120394,True,0,CONVERGENCE: RELATIVE REDUCTION OF F <= FACTR*EPSMCH,149,157,-9.595831839245404
8,n8_r06_ring_v2,6,ring,2,,1,20268760,72,2,4,8,"[[[3,2],[5,4],[7,6],[1,0]],[[3,4],[5,6],[7,0],[1,2]]]","[2, 2, 2, 2, 2, 2, 2]",14,-9.598415070221623,-9.837951447459446,0.2395363772378225,1.766153484484186e-06,1.202281138980217,1.795985695325093e-05,1.4938150795981547e-05,2.2314834920348413e-10,40,0.033737550955804996,0.0011382223444955386,851.8434205637672,4.5359116441435776e-15,1,0,0,1.4594814580050297,True,0,CONVERGENCE: RELATIVE REDUCTION OF F <= FACTR*EPSMCH,178,187,-9.593894711451675
8,n8_r06_ring_v2,6,ring,2,,2,20268797,72,2,4,8,"[[[3,2],[5,4],[7,6],[1,0]],[[3,4],[5,6],[7,0],[1,2]]]","[2, 2, 2, 2, 2, 2, 2]",14,-9.59841507022714,-9.837951447459446,0.23953637723230514,1.5498332556198598e-06,1.2022797232800184,1.4181092405544117e-05,1.1795168903668895e-05,1.391260094660777e-10,40,0.033995489839549635,0.0011556933294309224,846.6951666203337,7.522221880511835e-15,1,0,0,1.3000817919964902,True,0,CONVERGENCE: RELATIVE REDUCTION OF F <= FACTR*EPSMCH,156,161,-9.597228184212511
8,n8_r07_ring_v3,7,ring,3,,0,20268723,72,2,4,8,"[[[4,3],[6,5],[0,7],[2,1]],[[4,5],[6,7],[0,1],[2,3]]]","[2, 2, 2, 2, 2, 2, 2]",14,-9.66122670176275,-9.837951447459446,0.1767247456966956,3.6843679134923576e-06,0.900031473611936,3.873417557975224e-05,4.303646785184886e-05,1.8521375651632205e-09,40,0.011841745556948354,0.00014022693783550608,7579.258844859752,8.019916746938023e-15,1,0,0,1.6280652080022264,True,0,CONVERGENCE: RELATIVE REDUCTION OF F <= FACTR*EPSMCH,203,217,-9.612313419289084
8,n8_r07_ring_v3,7,ring,3,,1,20268760,72,2,4,8,"[[[4,3],[6,5],[0,7],[2,1]],[[4,5],[6,7],[0,1],[2,3]]]","[2, 2, 2, 2, 2, 2, 2]",14,-9.64771472728776,-9.837951447459446,0.19023672017168636,5.517269013056984e-06,0.9613283241517624,2.8685559162493967e-05,2.9839502739924943e-05,8.903959237659882e-10,40,0.01126458296159392,0.00012689082929863204,8131.420844073324,5.655268676612596e-15,1,0,0,1.6731329999893205,True,0,CONVERGENCE: RELATIVE REDUCTION OF F <= FACTR*EPSMCH,224,234,-9.604400729398971
8,n8_r07_ring_v3,7,ring,3,,2,20268797,72,2,4,8,"[[[4,3],[6,5],[0,7],[2,1]],[[4,5],[6,7],[0,1],[2,3]]]","[2, 2, 2, 2, 2, 2, 2]",14,-9.647714727283716,-9.837951447459446,0.19023672017572935,1.4396657156729808e-06,0.9613298697286405,4.530879703252555e-05,4.713137338103839e-05,2.221366356782854e-09,40,0.011040338520105594,0.00012188907463852739,8198.215919437696,6.7219282350429924e-15,1,0,0,1.8132311250083148,True,0,CONVERGENCE: RELATIVE REDUCTION OF F <= FACTR*EPSMCH,259,269,-9.608275145970694
8,n8_r08_random_fixed_budget_v0,8,random_fixed_budget,0,,0,20268723,72,2,4,8,"[[[0,6],[7,6],[2,4],[0,2]],[[5,0],[7,2],[4,0],[5,2]]]","[2, 2, 4, 4, 3, 2, 2]",19,-9.456379824672641,-9.837951447459446,0.38157162278680445,1.8510543960851684e-06,1.5328527585143463,5.711992171895527e-06,3.7263802019912446e-06,1.3885909409792308e-11,36,5.141138319481951e-08,2.64313032200457e-15,364878475184045.4,4.0887258934180385e-15,1,0,0,0.9607336249900982,True,0,CONVERGENCE: RELATIVE REDUCTION OF F <= FACTR*EPSMCH,46,53,-9.402455324425057
8,n8_r08_random_fixed_budget_v0,8,random_fixed_budget,0,,1,20268760,72,2,4,8,"[[[0,6],[7,6],[2,4],[0,2]],[[5,0],[7,2],[4,0],[5,2]]]","[2, 2, 4, 4, 3, 2, 2]",19,-9.45637982467307,-9.837951447459446,0.38157162278637635,1.050219567343818e-06,1.53285313097492,4.680763688956183e-06,3.053628292476488e-06,9.324645748612871e-12,36,1.3605040075584394e-08,1.850971154582574e-16,5184129093818168.0,6.872647425554866e-15,1,0,0,0.8721640419971664,True,0,CONVERGENCE: RELATIVE REDUCTION OF F <= FACTR*EPSMCH,53,66,-9.402449619062105
8,n8_r08_random_fixed_budget_v0,8,random_fixed_budget,0,,2,20268797,72,2,4,8,"[[[0,6],[7,6],[2,4],[0,2]],[[5,0],[7,2],[4,0],[5,2]]]","[2, 2, 4, 4, 3, 2, 2]",19,-9.456379824673537,-9.837951447459446,0.38157162278590917,1.1187138328167947e-06,1.5328530475747584,1.8694032624721502e-06,1.2195580427164058e-06,1.4873218195542708e-12,36,1.5298826635025155e-09,2.340540964085551e-18,4.093806105511851e+17,7.35716726666561e-15,1,0,0,1.0074778749985853,True,0,CONVERGENCE: RELATIVE REDUCTION OF F <= FACTR*EPSMCH,65,77,-8.704648158458545
8,n8_r09_random_fixed_budget_v1,9,random_fixed_budget,1,,0,20268723,72,2,4,8,"[[[7,3],[6,3],[2,3],[3,7]],[[6,2],[0,4],[6,0],[2,5]]]","[2, 2, 4, 5, 4, 3, 2]",22,-9.45637982467096,-9.837951447459446,0.38157162278848666,1.9250082913233306e-06,1.5328531253779059,9.057855549300243e-06,5.90914771894218e-06,3.491802676427957e-11,33,3.506900132443235e-10,1.2298348538930378e-19,7.788558045261592e+18,8.151342866885853e-15,1,0,0,1.054179207989364,True,0,CONVERGENCE: RELATIVE REDUCTION OF F <= FACTR*EPSMCH,76,87,-9.394144179873427
8,n8_r09_random_fixed_budget_v1,9,random_fixed_budget,1,,1,20268760,72,2,4,8,"[[[7,3],[6,3],[2,3],[3,7]],[[6,2],[0,4],[6,0],[2,5]]]","[2, 2, 4, 5, 4, 3, 2]",22,-9.456379824672728,-9.837951447459446,0.3815716227867174,1.289280646150301e-06,1.532853507032499,4.404860455621581e-06,2.873634326706858e-06,8.257774243627978e-12,35,2.604897316066676e-09,6.785490027251372e-18,1.3738926171209024e+17,5.893407300201864e-15,1,0,0,0.886039625009289,True,0,CONVERGENCE: RELATIVE REDUCTION OF F <= FACTR*EPSMCH,62,77,-9.40213132606112
8,n8_r09_random_fixed_budget_v1,9,random_fixed_budget,1,,2,20268797,72,2,4,8,"[[[7,3],[6,3],[2,3],[3,7]],[[6,2],[0,4],[6,0],[2,5]]]","[2, 2, 4, 5, 4, 3, 2]",22,-9.45637982467215,-9.837951447459446,0.3815716227872965,1.2815536731644473e-06,1.5328526821530746,6.110587516734448e-06,3.9864153860835464e-06,1.589150763040363e-11,35,3.760794422213228e-09,1.4143574686150124e-17,7.05702068697732e+16,3.7940189076312655e-15,1,0,0,0.8570018750033341,True,0,CONVERGENCE: RELATIVE REDUCTION OF F <= FACTR*EPSMCH,58,72,-9.40222608362399
8,n8_r10_random_fixed_budget_v2,10,random_fixed_budget,2,,0,20268723,72,2,4,8,"[[[1,2],[7,1],[1,6],[0,7]],[[6,3],[1,7],[1,6],[5,3]]]","[1, 4, 4, 5, 5, 5, 3]",27,-9.503670316217061,-9.837951447459446,0.3342811312423848,5.4712969551499816e-05,1.4083940175107292,0.4088552104085703,0.2902988832139481,0.08427344159526547,39,8.362885165953748e-08,6.993784829892925e-15,164875835340840.9,6.38751400948676e-15,0,0,0,2.0629451660061022,False,1,STOP: TOTAL NO. OF ITERATIONS REACHED LIMIT,300,342,-9.402456195704797
8,n8_r10_random_fixed_budget_v2,10,random_fixed_budget,2,,1,20268760,72,2,4,8,"[[[1,2],[7,1],[1,6],[0,7]],[[6,3],[1,7],[1,6],[5,3]]]","[1, 4, 4, 5, 5, 5, 3]",27,-9.464629188453987,-9.837951447459446,0.3733222590054588,0.07174212399237828,1.5606090546922955,0.685646771191224,0.43934563184141756,0.19302458421813443,39,0.00021943824063572643,4.815314145330298e-08,22051315.20010898,4.27589679721121e-15,0,0,0,2.0630868339940207,False,1,STOP: TOTAL NO. OF ITERATIONS REACHED LIMIT,300,339,-9.402818369850152
8,n8_r10_random_fixed_budget_v2,10,random_fixed_budget,2,,2,20268797,72,2,4,8,"[[[1,2],[7,1],[1,6],[0,7]],[[6,3],[1,7],[1,6],[5,3]]]","[1, 4, 4, 5, 5, 5, 3]",27,-9.456379829245442,-9.837951447459446,0.38157161821400365,2.0830820070068136e-06,1.5328524467144826,0.01701490637079578,0.011100159318834337,0.00012321353690350478,38,2.0343460645047482e-08,4.138563910165957e-16,2359802694386009.5,7.755660708530502e-15,0,0,0,1.8548972090065945,True,0,CONVERGENCE: RELATIVE REDUCTION OF F <= FACTR*EPSMCH,233,252,-9.402539907166519
8,n8_r11_random_fixed_budget_v3,11,random_fixed_budget,3,,0,20268723,72,2,4,8,"[[[1,2],[3,5],[5,2],[3,7]],[[2,7],[4,2],[0,3],[0,4]]]","[1, 2, 4, 5, 3, 2, 2]",19,-9.402477785216373,-9.837951447459446,0.4354736622430728,1.2405715299973713e-06,1.68977608134145,4.481314034363687e-06,2.652016491324779e-06,7.033191470258592e-12,34,4.4190388751286036e-09,1.9527904579897873e-17,4.621730009907003e+16,7.633027253632082e-15,1,0,0,0.7309924580040388,True,0,CONVERGENCE: RELATIVE REDUCTION OF F <= FACTR*EPSMCH,30,40,-8.571643805285559
8,n8_r11_random_fixed_budget_v3,11,random_fixed_budget,3,,1,20268760,72,2,4,8,"[[[1,2],[3,5],[5,2],[3,7]],[[2,7],[4,2],[0,3],[0,4]]]","[1, 2, 4, 5, 3, 2, 2]",19,-9.40247778521726,-9.837951447459446,0.4354736622421864,8.405191458843257e-07,1.689775738469439,2.0773646588346893e-06,1.2293729940260119e-06,1.5113579584404807e-12,34,1.757835358859385e-09,3.0899851488563027e-18,3.0187155824124365e+17,5.243764508041328e-15,1,1,0,0.6461984160123393,True,0,CONVERGENCE: RELATIVE REDUCTION OF F <= FACTR*EPSMCH,18,21,-9.40243021257316
8,n8_r11_random_fixed_budget_v3,11,random_fixed_budget,3,,2,20268797,72,2,4,8,"[[[1,2],[3,5],[5,2],[3,7]],[[2,7],[4,2],[0,3],[0,4]]]","[1, 2, 4, 5, 3, 2, 2]",19,-9.402477785215321,-9.837951447459446,0.4354736622441244,1.7400650858702012e-06,1.6897764171041723,5.999172915939418e-06,3.5502761520488056e-06,1.2604460755806474e-11,34,1.2498988987245943e-09,1.5622472570329535e-18,6.012754540226985e+17,5.761262300588837e-15,1,0,0,0.8324855840037344,True,0,CONVERGENCE: RELATIVE REDUCTION OF F <= FACTR*EPSMCH,29,35,-8.58778585765279
8,n8_r12_repeated_dimer_v0,12,repeated_dimer,0,,0,20268723,72,2,4,8,"[[[0,1],[2,3],[4,5],[6,7]],[[0,1],[2,3],[4,5],[6,7]]]","[2, 0, 2, 0, 2, 0, 2]",8,-9.543567847410955,-9.837951447459446,0.29438360004849073,3.3175702007829326e-07,1.2575385092054077,5.235799501488526e-07,4.1635301528832183e-07,1.7334983333967756e-13,24,0.4168364731455137,0.17375264534439055,5.662884290859093,5.7266906348218956e-15,1,1,0,0.5956592909933534,True,0,CONVERGENCE: RELATIVE REDUCTION OF F <= FACTR*EPSMCH,10,13,-9.543557754535879
8,n8_r12_repeated_dimer_v0,12,repeated_dimer,0,,1,20268760,72,2,4,8,"[[[0,1],[2,3],[4,5],[6,7]],[[0,1],[2,3],[4,5],[6,7]]]","[2, 0, 2, 0, 2, 0, 2]",8,-9.543567847410914,-9.837951447459446,0.2943836000485316,8.270217422518401e-07,1.257538656864468,9.889236261959786e-07,7.863962040433406e-07,6.184189897337753e-13,24,0.4164015498423424,0.17339025071110475,5.61598736081616,5.1154102205521056e-15,1,1,0,0.6235768329934217,True,0,CONVERGENCE: RELATIVE REDUCTION OF F <= FACTR*EPSMCH,10,12,-9.543561398692818
8,n8_r12_repeated_dimer_v0,12,repeated_dimer,0,,2,20268797,72,2,4,8,"[[[0,1],[2,3],[4,5],[6,7]],[[0,1],[2,3],[4,5],[6,7]]]","[2, 0, 2, 0, 2, 0, 2]",8,-9.543567847410953,-9.837951447459446,0.2943836000484925,2.488607946398628e-07,1.2575386923884424,4.430195623815271e-07,3.522909991263174e-07,1.2410894806541896e-13,24,0.411368190296934,0.1692237879881745,5.801867575632392,9.870270573035854e-15,1,1,0,0.6074855829938315,True,0,CONVERGENCE: RELATIVE REDUCTION OF F <= FACTR*EPSMCH,10,12,-9.543564974293453
8,n8_r13_repeated_dimer_v1,13,repeated_dimer,1,,0,20268723,72,2,4,8,"[[[1,2],[3,4],[5,6],[7,0]],[[1,2],[3,4],[5,6],[7,0]]]","[2, 4, 2, 4, 2, 4, 2]",20,-9.455249583711083,-9.837951447459446,0.38270186374836257,2.2982331329062513e-07,1.5806680313433856,3.615921579095898e-07,2.2875907574487868e-07,5.233071473565114e-14,24,0.4108361202369372,0.16878631769133914,5.739486760955511,5.487736676517123e-15,1,1,0,0.613040500000352,True,0,CONVERGENCE: RELATIVE REDUCTION OF F <= FACTR*EPSMCH,10,12,-9.455220807125924
8,n8_r13_repeated_dimer_v1,13,repeated_dimer,1,,1,20268760,72,2,4,8,"[[[1,2],[3,4],[5,6],[7,0]],[[1,2],[3,4],[5,6],[7,0]]]","[2, 4, 2, 4, 2, 4, 2]",20,-9.455249583711012,-9.837951447459446,0.3827018637484336,5.007586804169128e-07,1.580668003918915,1.1245629909802822e-06,7.114479373228143e-07,5.061581675208871e-13,24,0.3533156462519966,0.12483194588646598,7.971425467096679,5.462880837969513e-15,1,1,0,0.6460087500017835,True,0,CONVERGENCE: RELATIVE REDUCTION OF F <= FACTR*EPSMCH,11,13,-9.455242270927425
8,n8_r13_repeated_dimer_v1,13,repeated_dimer,1,,2,20268797,72,2,4,8,"[[[1,2],[3,4],[5,6],[7,0]],[[1,2],[3,4],[5,6],[7,0]]]","[2, 4, 2, 4, 2, 4, 2]",20,-9.455249583711055,-9.837951447459446,0.382701863748391,3.325837827291102e-07,1.5806679103290013,6.456364574826752e-07,4.0845800263528593e-07,1.6683793991680725e-13,24,0.39819632608902067,0.1585603141107937,5.973983352197844,8.485949188501542e-15,1,1,0,0.6356517499953043,True,0,CONVERGENCE: RELATIVE REDUCTION OF F <= FACTR*EPSMCH,10,12,-9.45524433089545
8,n8_r14_repeated_dimer_v2,14,repeated_dimer,2,,0,20268723,72,2,4,8,"[[[1,0],[3,2],[5,4],[7,6]],[[1,0],[3,2],[5,4],[7,6]]]","[2, 0, 2, 0, 2, 0, 2]",8,-9.543567847410918,-9.837951447459446,0.29438360004852804,7.906498132930733e-07,1.2575386168383513,9.174532549894714e-07,7.29562689133231e-07,5.322617173753115e-13,24,0.42482507375496475,0.18047634329091125,5.431770360449686,6.566369186275275e-15,1,1,0,0.6187463329988532,True,0,CONVERGENCE: RELATIVE REDUCTION OF F <= FACTR*EPSMCH,10,12,-9.543564863069971
8,n8_r14_repeated_dimer_v2,14,repeated_dimer,2,,1,20268760,72,2,4,8,"[[[1,0],[3,2],[5,4],[7,6]],[[1,0],[3,2],[5,4],[7,6]]]","[2, 0, 2, 0, 2, 0, 2]",8,-9.54356784741097,-9.837951447459446,0.2943836000484765,2.2167227112443214e-07,1.2575385402658967,2.8619790624578364e-07,2.2758579326345681e-07,5.1795293295356906e-14,24,0.44530306957315646,0.1982948237712754,4.937489913940476,6.2155769459333704e-15,1,1,0,0.6360016249964247,True,0,CONVERGENCE: RELATIVE REDUCTION OF F <= FACTR*EPSMCH,10,13,-9.543562988616664
8,n8_r14_repeated_dimer_v2,14,repeated_dimer,2,,2,20268797,72,2,4,8,"[[[1,0],[3,2],[5,4],[7,6]],[[1,0],[3,2],[5,4],[7,6]]]","[2, 0, 2, 0, 2, 0, 2]",8,-9.543567847410936,-9.837951447459446,0.2943836000485103,4.209759307359416e-07,1.257538352558065,6.568631990604609e-07,5.223404898341907e-07,2.728395873202223e-13,24,0.4095656357841513,0.16774401001527606,6.076275972508007,7.603054708149042e-15,1,1,0,0.612668957997812,True,0,CONVERGENCE: RELATIVE REDUCTION OF F <= FACTR*EPSMCH,10,12,-9.543562704444144
8,n8_r15_repeated_dimer_v3,15,repeated_dimer,3,,0,20268723,72,2,4,8,"[[[2,1],[4,3],[6,5],[0,7]],[[2,1],[4,3],[6,5],[0,7]]]","[2, 4, 2, 4, 2, 4, 2]",20,-9.455249583711058,-9.837951447459446,0.38270186374838744,4.6093233132323786e-07,1.5806680248305889,6.223612557273718e-07,3.9373305839730297e-07,1.55025721274894e-13,24,0.4204954837701056,0.17681645187105513,5.479223926206803,6.633244157749287e-15,1,1,0,0.6088181250088383,True,0,CONVERGENCE: RELATIVE REDUCTION OF F <= FACTR*EPSMCH,11,14,-9.455023920737924
8,n8_r15_repeated_dimer_v3,15,repeated_dimer,3,,1,20268760,72,2,4,8,"[[[2,1],[4,3],[6,5],[0,7]],[[2,1],[4,3],[6,5],[0,7]]]","[2, 4, 2, 4, 2, 4, 2]",20,-9.455249583710987,-9.837951447459446,0.3827018637484585,6.276042181574157e-07,1.5806677957951965,1.2862638367731905e-06,8.137471011902926e-07,6.621843446956044e-13,24,0.4139546505684126,0.17135845272721656,5.537782194000729,5.127012186428296e-15,1,1,0,0.5986640420014737,True,0,CONVERGENCE: RELATIVE REDUCTION OF F <= FACTR*EPSMCH,9,11,-9.455243943499482
8,n8_r15_repeated_dimer_v3,15,repeated_dimer,3,,2,20268797,72,2,4,8,"[[[2,1],[4,3],[6,5],[0,7]],[[2,1],[4,3],[6,5],[0,7]]]","[2, 4, 2, 4, 2, 4, 2]",20,-9.455249583711051,-9.837951447459446,0.38270186374839454,5.025897223557144e-07,1.5806679292122712,7.660727694007358e-07,4.846513016699906e-07,2.3488688421041624e-13,24,0.3798809905783081,0.1443095670027566,6.720654167279215,8.70931302384493e-15,1,1,0,0.5947437499999069,True,0,CONVERGENCE: RELATIVE REDUCTION OF F <= FACTR*EPSMCH,10,12,-9.455244573770038
8,n8_r16_matched_cut_budget_v0,16,matched_cut_budget,0,n8_r08_random_fixed_budget_v0,0,20268723,72,2,4,8,"[[[5,6],[1,7],[1,3],[5,4]],[[5,7],[2,5],[0,7],[7,6]]]","[1, 2, 3, 3, 4, 3, 3]",19,-9.478736604268144,-9.837951447459446,0.35921484319130137,7.282753998298384e-05,1.5258910227975249,0.0019096238146592691,0.0012514811255381919,1.5662050075783395e-06,38,8.451610574695229e-07,7.142972130630022e-13,1252014665444.5044,4.4195642180916125e-15,0,0,0,1.9449843339971267,False,1,STOP: TOTAL NO. OF ITERATIONS REACHED LIMIT,300,314,-9.471020153209436
8,n8_r16_matched_cut_budget_v0,16,matched_cut_budget,0,n8_r08_random_fixed_budget_v0,1,20268760,72,2,4,8,"[[[5,6],[1,7],[1,3],[5,4]],[[5,7],[2,5],[0,7],[7,6]]]","[1, 2, 3, 3, 4, 3, 3]",19,-9.500776484859038,-9.837951447459446,0.33717496260040747,0.001975639455279185,1.4422819478425817,0.08846734738818661,0.061338455716317686,0.0037624061496626658,40,2.70550854323537e-10,7.319776477519574e-20,1.1874157090461802e+19,6.208716951703038e-15,0,0,0,2.2404022499977145,False,1,STOP: TOTAL NO. OF ITERATIONS REACHED LIMIT,300,324,-9.462893481022345
8,n8_r16_matched_cut_budget_v0,16,matched_cut_budget,0,n8_r08_random_fixed_budget_v0,2,20268797,72,2,4,8,"[[[5,6],[1,7],[1,3],[5,4]],[[5,7],[2,5],[0,7],[7,6]]]","[1, 2, 3, 3, 4, 3, 3]",19,-9.50061140047137,-9.837951447459446,0.33734004698807496,0.010412707322722377,1.4367516155231894,0.05306858347103501,0.03693650516739473,0.0013643054139809777,40,6.008275419245313e-08,3.609937351350744e-15,241150782341997.84,6.97259194719832e-15,0,0,0,2.1319552079949062,False,1,STOP: TOTAL NO. OF ITERATIONS REACHED LIMIT,300,324,-9.475186300242614
8,n8_r17_matched_cut_budget_v1,17,matched_cut_budget,1,n8_r09_random_fixed_budget_v1,0,20268723,72,2,4,8,"[[[4,1],[5,4],[1,5],[1,4]],[[0,7],[0,1],[3,5],[7,2]]]","[1, 3, 4, 5, 5, 2, 2]",22,-9.471359489127865,-9.837951447459446,0.36659195833158087,2.408345785158691e-06,1.491867806692945,1.2234622279619242e-05,8.200875590136897e-06,6.72543604449032e-11,35,1.3561917454230663e-08,1.8392560503536633e-16,4995032281843802.0,6.818943502716094e-15,1,0,0,1.5744562499894528,True,0,CONVERGENCE: RELATIVE REDUCTION OF F <= FACTR*EPSMCH,84,91,-9.469375798742568
8,n8_r17_matched_cut_budget_v1,17,matched_cut_budget,1,n8_r09_random_fixed_budget_v1,1,20268760,72,2,4,8,"[[[4,1],[5,4],[1,5],[1,4]],[[0,7],[0,1],[3,5],[7,2]]]","[1, 3, 4, 5, 5, 2, 2]",22,-9.47135948912384,-9.837951447459446,0.3665919583356061,2.4718208927695216e-06,1.4918666758309373,1.7670426313944492e-05,1.1844507689738728e-05,1.4029236241227987e-10,35,1.2343205052715108e-08,1.5235471097337176e-16,6090842361393808.0,6.282869253992085e-15,1,0,0,2.2242249169939896,True,0,CONVERGENCE: RELATIVE REDUCTION OF F <= FACTR*EPSMCH,214,252,-9.466552129134298
8,n8_r17_matched_cut_budget_v1,17,matched_cut_budget,1,n8_r09_random_fixed_budget_v1,2,20268797,72,2,4,8,"[[[4,1],[5,4],[1,5],[1,4]],[[0,7],[0,1],[3,5],[7,2]]]","[1, 3, 4, 5, 5, 2, 2]",22,-9.471359489129828,-9.837951447459446,0.366591958329618,2.2536640069123186e-06,1.491866068921312,1.0261123109000455e-05,6.8780457728485784e-06,4.73075136534002e-11,35,1.7487495927267417e-08,3.058125138061945e-16,3031665375384847.0,4.204532546365245e-15,1,0,0,2.803009249997558,True,0,CONVERGENCE: RELATIVE REDUCTION OF F <= FACTR*EPSMCH,145,159,-9.470330242655786
8,n8_r18_matched_cut_budget_v2,18,matched_cut_budget,2,n8_r10_random_fixed_budget_v2,0,20268723,72,2,4,8,"[[[0,7],[3,6],[1,3],[4,0]],[[0,3],[2,4],[7,6],[1,6]]]","[3, 5, 6, 5, 3, 3, 2]",27,-9.456379824672542,-9.837951447459446,0.38157162278690393,1.4029577458313206e-06,1.5328528345195327,5.168520953746135e-06,3.3718311617084816e-06,1.1369245383068368e-11,41,1.0080814799295027e-08,1.0162282701768563e-16,8293284062639025.0,5.5601578881751955e-15,1,0,0,1.1680367079970893,True,0,CONVERGENCE: RELATIVE REDUCTION OF F <= FACTR*EPSMCH,33,39,-8.828321393761746
8,n8_r18_matched_cut_budget_v2,18,matched_cut_budget,2,n8_r10_random_fixed_budget_v2,1,20268760,72,2,4,8,"[[[0,7],[3,6],[1,3],[4,0]],[[0,3],[2,4],[7,6],[1,6]]]","[3, 5, 6, 5, 3, 3, 2]",27,-9.45637982467307,-9.837951447459446,0.38157162278637635,1.964611813452722e-06,1.5328530002149634,3.920323717443622e-06,2.5575340341793026e-06,6.540980335985458e-12,42,1.4988630528010834e-09,2.2465904510521835e-18,3.7104757184886637e+17,1.250144247618637e-14,1,0,0,0.974784667007043,True,0,CONVERGENCE: RELATIVE REDUCTION OF F <= FACTR*EPSMCH,31,37,-8.894056772845813
8,n8_r18_matched_cut_budget_v2,18,matched_cut_budget,2,n8_r10_random_fixed_budget_v2,2,20268797,72,2,4,8,"[[[0,7],[3,6],[1,3],[4,0]],[[0,3],[2,4],[7,6],[1,6]]]","[3, 5, 6, 5, 3, 3, 2]",27,-9.456379824673308,-9.837951447459446,0.3815716227861383,9.713897241629e-07,1.5328527604250168,3.0159032638495964e-06,1.9675100842780042e-06,3.871095931735639e-12,42,2.0457607802720587e-10,4.185137170099342e-20,2.040937670745829e+19,1.1206263721288424e-14,1,1,0,0.9814006660017185,True,0,CONVERGENCE: RELATIVE REDUCTION OF F <= FACTR*EPSMCH,36,42,-8.650300082371835
8,n8_r19_matched_cut_budget_v3,19,matched_cut_budget,3,n8_r11_random_fixed_budget_v3,0,20268723,72,2,4,8,"[[[1,3],[1,2],[4,7],[1,2]],[[4,0],[7,4],[0,7],[2,0]]]","[2, 3, 3, 2, 3, 3, 3]",19,-9.402477785217506,-9.837951447459446,0.4354736622419395,6.367239243275332e-07,1.68977574234261,1.2346491772692635e-06,7.306585994409029e-07,5.338619889369418e-13,26,9.879195435674837e-09,9.759850245625853e-17,9506842778406480.0,7.868200393922418e-15,1,1,0,0.8822613749944139,True,0,CONVERGENCE: RELATIVE REDUCTION OF F <= FACTR*EPSMCH,18,22,-9.402412853276575
8,n8_r19_matched_cut_budget_v3,19,matched_cut_budget,3,n8_r11_random_fixed_budget_v3,1,20268760,72,2,4,8,"[[[1,3],[1,2],[4,7],[1,2]],[[4,0],[7,4],[0,7],[2,0]]]","[2, 3, 3, 2, 3, 3, 3]",19,-9.40247778521751,-9.837951447459446,0.43547366224193595,1.4592635377426841e-06,1.6897757666601503,1.654345366898979e-06,9.79032484392175e-07,9.585046054951143e-13,26,4.3873136613904707e-08,1.9248521163423456e-15,472108988023661.7,3.2510119410211753e-15,1,0,0,0.8380876250012079,True,0,CONVERGENCE: RELATIVE REDUCTION OF F <= FACTR*EPSMCH,17,20,-9.402450723907501
8,n8_r19_matched_cut_budget_v3,19,matched_cut_budget,3,n8_r11_random_fixed_budget_v3,2,20268797,72,2,4,8,"[[[1,3],[1,2],[4,7],[1,2]],[[4,0],[7,4],[0,7],[2,0]]]","[2, 3, 3, 2, 3, 3, 3]",19,-9.402477785217101,-9.837951447459446,0.4354736622423445,1.2056479498424212e-06,1.689775781301821,2.946894516952612e-06,1.7439559434816218e-06,3.0413823328048734e-12,26,2.4303641854757674e-08,5.906670074043291e-16,1495826641732843.0,4.2659773889652145e-15,1,0,0,0.8519789169949945,True,0,CONVERGENCE: RELATIVE REDUCTION OF F <= FACTR*EPSMCH,15,18,-9.402462907309198
