instance,seed,n,t,candidate_index,candidate_name,selected_by,sequence,matrix,key_kappa,osr_score,pauli_score,full_projected_score,delta_B,initial_state_error,initial_loss_error,initial_gradient_error,initial_ambient_error,loss_after_1,loss_after_5,loss_after_20,loss_after_50,improvement_after_1,improvement_after_5,improvement_after_20,improvement_after_50
n4_t2_s20264923,20264923,4,2,0,identity,identity,"[[0,1],[0,1],[0,1],[0,1]]","[[1,0,0,0],[0,1,0,0],[0,0,1,0],[0,0,0,1]]",0,0.0,2.4888124526662524e-24,2.5412394414284624e-24,3.2244940749712237e-28,0.0,0.0,0.0,0.0,0.7500000000144647,0.7579232652315252,0.7513653718162524,0.75005068478789,-1.446442965402639e-11,-0.007923265231524979,-0.001365371816252181,-5.0684787889831995e-05
n4_t2_s20264923,20264923,4,2,1,B01,,"[[0,3],[0,3],[0,1],[3,2]]","[[1,0,0,0],[1,1,0,0],[0,0,1,1],[0,0,0,1]]",0,9.2,1.2969646921500528e-24,2.54146958359067e-24,5.525915697045617e-28,0.0,0.0,0.0,0.0,0.750000000011094,0.7563654566048538,0.750996492344605,0.750016064775317,-1.1093792551264414e-11,-0.006365456604853548,-0.0009964923446047491,-1.6064775316793067e-05
n4_t2_s20264923,20264923,4,2,2,B02,osr_only,"[[1,0],[0,2],[2,3],[0,2]]","[[1,1,0,0],[0,1,0,0],[0,0,1,0],[1,1,1,1]]",1,10.4,0.00018680022410900155,0.00018680022410899963,0.00018680022410899963,0.0,0.0,0.0,0.0,0.7499003201270262,0.7404595876257005,0.5699002565392896,0.5010326945515091,9.967987297399006e-05,0.0095404123742997,0.18009974346071067,0.2489673054484911
n4_t2_s20264923,20264923,4,2,3,B03,,"[[0,1],[3,2],[2,0],[3,0]]","[[1,0,1,0],[1,1,0,0],[0,0,1,1],[0,0,0,1]]",1,10.4,0.247681104162195,0.24768110416219505,0.24768110416219505,0.0,0.0,0.0,0.0,0.7402494713122838,0.6845024085114609,0.5237083165815581,0.5004024834815599,0.00975052868771642,0.06549759148853929,0.22629168341844208,0.2495975165184403
n4_t2_s20264923,20264923,4,2,4,B04,,"[[3,1],[1,0],[1,0],[0,1]]","[[1,0,0,0],[1,1,0,1],[0,0,1,0],[0,0,0,1]]",1,6.9,0.2474943039380859,0.24749430393808614,0.24749430393808614,0.0,0.0,0.0,0.0,0.7410307086763701,0.6937083610452702,0.5567288897205485,0.5014117026028015,0.008969291323630113,0.056291638954729994,0.19327111027945176,0.24858829739719868
n4_t2_s20264923,20264923,4,2,5,B05,,"[[2,0],[0,1],[2,1],[2,3]]","[[1,0,1,0],[1,1,0,0],[0,0,1,0],[0,0,1,1]]",1,10.4,0.24752916788005822,0.24752916788005805,0.24752916788005805,0.0,0.0,0.0,0.0,0.7404005049379441,0.6939919223301636,0.5549153925022691,0.5013481565757167,0.009599495062056151,0.05600807766983662,0.19508460749773116,0.24865184342428348
n4_t2_s20264923,20264923,4,2,6,B06,,"[[1,2],[1,3],[3,2],[1,2]]","[[1,0,0,0],[0,1,0,0],[0,1,1,1],[0,1,0,1]]",1,8.1,0.24749430393808602,0.2474943039380858,0.2474943039380858,0.0,0.0,0.0,0.0,0.7410307080394207,0.6935761219352142,0.5566619668835269,0.5014106917565617,0.008969291960579495,0.05642387806478599,0.19333803311647335,0.2485893082434385
n4_t2_s20264923,20264923,4,2,7,B07,,"[[3,2],[3,2],[2,3],[2,0]]","[[1,0,1,0],[0,1,0,0],[0,0,1,0],[0,0,1,1]]",1,6.9,0.00013950024848087355,0.00013950024848087406,0.00013950024848087406,0.0,0.0,0.0,0.0,0.7498633222732403,0.734546476319147,0.5608853026806933,0.5005895912642222,0.00013667772675995948,0.015453523680853176,0.18911469731930697,0.24941040873577802
n4_t2_s20264923,20264923,4,2,8,B08,pauli_only;projection;oracle,"[[1,0],[1,0],[3,0],[2,0]]","[[1,0,1,1],[0,1,0,0],[0,0,1,0],[0,0,0,1]]",1,6.9,0.24986049975151883,0.2498604997515189,0.2498604997515189,0.0,0.0,0.0,0.0,0.7408599729622384,0.689636289775168,0.5272424882247977,0.5002693203803285,0.009140027037761844,0.06036371022483222,0.22275751177520253,0.24973067961967177
n4_t2_s20264923,20264923,4,2,9,B09,,"[[2,0],[0,1],[2,0],[2,0]]","[[1,0,1,0],[1,1,1,0],[0,0,1,0],[0,0,0,1]]",1,8.1,0.2496736995274098,0.24967369952740948,0.24967369952740948,0.0,0.0,0.0,0.0,0.7409547482255407,0.6948536827553197,0.5563150999982494,0.5014090583922546,0.009045251774459473,0.055146317244680554,0.19368490000175087,0.24859094160774564
n4_t2_s20264923,20264923,4,2,10,B10,random,"[[2,3],[3,1],[1,2],[3,1]]","[[1,0,0,0],[0,1,0,0],[0,1,0,1],[0,0,1,1]]",1,9.3,0.0023313318714606288,0.0023313318714606405,0.0023313318714606405,0.0,0.0,0.0,0.0,0.748991829085941,0.729658309756184,0.5574037955695037,0.5007051507092103,0.0010081709140592476,0.02034169024381627,0.19259620443049652,0.24929484929078993
n4_t2_s20264923,20264923,4,2,11,B11,,"[[2,3],[0,3],[1,3],[1,3]]","[[1,0,0,0],[0,1,0,0],[0,0,1,0],[1,0,1,1]]",1,6.9,0.00018680022410900185,0.00018680022410900738,0.00018680022410900738,0.0,0.0,0.0,0.0,0.7499003179862502,0.7444743691128732,0.5650846012902515,0.5002945325920651,9.968201374999097e-05,0.005525630887126987,0.1849153987097487,0.2497054674079351
n4_t2_s20264923,20264923,4,2,12,B12,,"[[2,1],[2,3],[1,0],[2,1]]","[[1,1,1,0],[0,1,0,0],[0,0,1,0],[0,0,1,1]]",1,10.4,0.00013950024848087225,0.0001395002484808749,0.0001395002484808749,0.0,0.0,0.0,0.0,0.7498633241033055,0.7325335367478241,0.5596730499348026,0.500421275623109,0.000136675896694749,0.017466463252176156,0.19032695006519762,0.24957872437689121
n4_t2_s20264924,20264924,4,2,0,identity,identity,"[[0,1],[0,1],[0,1],[0,1]]","[[1,0,0,0],[0,1,0,0],[0,0,1,0],[0,0,0,1]]",0,0.0,9.159878046511361e-25,1.1048404600908977e-24,0.0,0.0,0.0,0.0,0.0,0.7500000000054429,0.7575448331057342,0.751280547529364,0.7500647794299472,-5.44242428901498e-12,-0.007544833105733728,-0.0012805475293635737,-6.477942994675967e-05
n4_t2_s20264924,20264924,4,2,1,B01,,"[[0,3],[3,2],[0,3],[0,2]]","[[1,0,0,0],[0,1,0,0],[0,0,1,1],[0,0,0,1]]",0,4.6,8.027602214375988e-25,1.1050130727800257e-24,0.0,0.0,0.0,0.0,0.0,0.7500000000049583,0.7568499725630787,0.7511568168672451,0.7500503486156656,-4.957811938766099e-12,-0.006849972563078288,-0.00115681686724467,-5.034861566510784e-05
n4_t2_s20264924,20264924,4,2,2,B02,,"[[3,0],[2,3],[2,3],[2,3]]","[[1,0,0,1],[0,1,0,0],[0,0,1,0],[0,0,1,1]]",1,8.1,0.00019640582757648849,0.0001964058275764847,0.0001964058275764847,0.0,0.0,0.0,0.0,0.7498881274759959,0.7397734331778405,0.529461945657872,0.5009598685643664,0.00011187252400457481,0.010226566822159944,0.22053805434212848,0.24904013143563408
n4_t2_s20264924,20264924,4,2,3,B03,,"[[3,0],[3,2],[3,0],[1,0]]","[[1,1,0,0],[0,1,0,0],[0,0,1,1],[0,0,0,1]]",0,9.2,7.198957695982687e-25,1.1050984315431465e-24,0.0,0.0,0.0,0.0,0.0,0.7500000000046444,0.7563763143281628,0.7510223330844943,0.750028918428544,-4.643951889704567e-12,-0.006376314328162325,-0.0010223330844938427,-2.89184285435784e-05
n4_t2_s20264924,20264924,4,2,4,B04,osr_only,"[[2,3],[1,0],[0,1],[2,1]]","[[1,1,0,0],[1,0,1,0],[0,0,1,0],[0,0,1,1]]",1,10.4,0.2496073983780405,0.24960739837804038,0.24960739837804038,0.0,0.0,0.0,0.0,0.7392528153585078,0.6936202893048855,0.553755121815492,0.501349600343338,0.010747184641492602,0.05637971069511494,0.19624487818450842,0.24865039965666247
n4_t2_s20264924,20264924,4,2,5,B05,,"[[1,3],[1,0],[2,3],[3,2]]","[[1,1,0,0],[0,1,0,0],[0,1,0,1],[0,1,1,1]]",1,10.4,0.00030796760203615284,0.0003079676020361577,0.0003079676020361577,0.0,0.0,0.0,0.0,0.7498042306521522,0.7389753699736388,0.5722080031502819,0.500900606322038,0.0001957693478482625,0.01102463002636167,0.17779199684971858,0.2490993936779624
n4_t2_s20264924,20264924,4,2,6,B06,random;oracle,"[[0,3],[3,1],[0,3],[3,2]]","[[1,0,0,0],[1,1,0,1],[0,0,1,1],[0,0,0,1]]",1,10.4,0.00030157300170114305,0.0003015730017011458,0.0003015730017011458,0.0,0.0,0.0,0.0,0.7497919903072381,0.7348378417174652,0.5639962250509603,0.500430696931699,0.00020800969276235648,0.015162158282535199,0.1860037749490402,0.2495693030683015
n4_t2_s20264924,20264924,4,2,7,B07,,"[[2,3],[3,1],[3,0],[3,2]]","[[1,0,1,1],[0,1,1,1],[0,0,0,1],[0,0,1,1]]",1,10.4,8.463401992263394e-05,8.46340199226321e-05,8.46340199226321e-05,0.0,0.0,0.0,0.0,0.7499743941220327,0.7385608340008298,0.5668186583167774,0.5007521460550284,2.5605877967738166e-05,0.011439165999170609,0.1831813416832231,0.24924785394497206
n4_t2_s20264924,20264924,4,2,8,B08,,"[[0,1],[0,2],[0,2],[1,0]]","[[0,1,0,0],[1,1,0,0],[0,0,1,0],[0,0,0,1]]",0,7.0,8.330436571680027e-25,1.104847415207107e-24,0.0,0.0,0.0,0.0,0.0,0.7500000000050197,0.7568535281030414,0.7511450159512314,0.7500506290481908,-5.01920727202787e-12,-0.006853528103040962,-0.0011450159512309543,-5.0629048190309334e-05
n4_t2_s20264924,20264924,4,2,9,B09,,"[[0,3],[2,3],[0,3],[3,2]]","[[1,0,0,0],[0,1,0,0],[0,0,0,1],[0,0,1,1]]",0,7.0,8.028095921114615e-25,1.1051765015160414e-24,0.0,0.0,0.0,0.0,0.0,0.7500000000049583,0.7568499725630851,0.751156816867248,0.7500503486156659,-4.957811938766099e-12,-0.0068499725630846164,-0.0011568168672475565,-5.034861566544091e-05
n4_t2_s20264924,20264924,4,2,10,B10,pauli_only;projection,"[[3,1],[1,0],[3,0],[3,2]]","[[1,1,0,0],[0,1,0,1],[0,0,1,1],[0,0,0,1]]",1,10.4,0.2496073983780406,0.2496073983780405,0.2496073983780405,0.0,0.0,0.0,0.0,0.7392528155637066,0.6915010489327618,0.5536114404892745,0.5013480663345595,0.010747184436293855,0.05849895106723868,0.19638855951072598,0.24865193366544092
n4_t2_s20264924,20264924,4,2,11,B11,,"[[3,2],[0,2],[2,3],[0,3]]","[[1,0,0,0],[0,1,0,0],[1,0,1,1],[0,0,1,0]]",1,9.3,0.0001053772073188457,0.00010537720731884192,0.00010537720731884192,0.0,0.0,0.0,0.0,0.7499367082568963,0.7455452709936443,0.5699331494364771,0.5009152246168778,6.329174310415464e-05,0.0044547290063561285,0.18006685056352334,0.24908477538312268
n4_t2_s20264924,20264924,4,2,12,B12,,"[[2,3],[0,3],[3,2],[2,3]]","[[1,0,0,0],[0,1,0,0],[1,0,0,1],[0,0,1,0]]",1,9.3,0.00010537720731884595,0.00010537720731884375,0.00010537720731884375,0.0,0.0,0.0,0.0,0.7499367050461945,0.7488522144135455,0.6219753531126475,0.5010280429869154,6.329495380597017e-05,0.001147785586454897,0.12802464688735293,0.24897195701308505
n4_t2_s20264925,20264925,4,2,0,identity,identity,"[[0,1],[0,1],[0,1],[0,1]]","[[1,0,0,0],[0,1,0,0],[0,0,1,0],[0,0,0,1]]",0,0.0,9.796509448059687e-25,9.958110288157031e-25,0.0,0.0,0.0,0.0,0.0,0.7500000000049065,0.7562785131706147,0.7510454996117082,0.7500315632055081,-4.906297590423492e-12,-0.006278513170614453,-0.0010454996117079673,-3.1563205507900705e-05
n4_t2_s20264925,20264925,4,2,1,B01,,"[[3,1],[3,1],[1,0],[0,3]]","[[1,1,0,0],[0,1,0,0],[0,0,1,0],[1,1,0,1]]",1,8.1,4.693676646932636e-05,4.69367664693266e-05,4.69367664693266e-05,0.0,0.0,0.0,0.0,0.7499878289841484,0.7439893771949793,0.5610034030035187,0.5006998404234135,1.2171015851825118e-05,0.00601062280502096,0.18899659699648153,0.2493001595765867
n4_t2_s20264925,20264925,4,2,2,B02,random,"[[3,2],[0,2],[0,2],[2,1]]","[[1,0,0,0],[0,1,1,1],[0,0,1,1],[0,0,0,1]]",1,8.1,4.742678554137378e-05,4.7426785541373184e-05,4.7426785541373184e-05,0.0,0.0,0.0,0.0,0.7499849875986695,0.7453026664863073,0.5611506817570464,0.5009568783463859,1.5012401330727343e-05,0.004697333513692947,0.1888493182429538,0.2490431216536143
n4_t2_s20264925,20264925,4,2,3,B03,osr_only,"[[3,1],[2,3],[2,1],[3,0]]","[[1,0,1,1],[0,1,1,1],[0,0,1,0],[0,0,1,1]]",1,10.4,1.8383883537575225e-05,1.8383883537573975e-05,1.8383883537573975e-05,0.0,0.0,0.0,0.0,0.7500477219247295,0.7442340144373767,0.5737875063199114,0.500930959678872,-4.7721924729238197e-05,0.005765985562623532,0.17621249368008884,0.2490690403211282
n4_t2_s20264925,20264925,4,2,4,B04,,"[[2,0],[2,0],[3,1],[0,1]]","[[1,0,0,0],[1,1,0,1],[0,0,1,0],[0,0,0,1]]",1,6.9,0.24993467934999283,0.2499346793499929,0.2499346793499929,0.0,0.0,0.0,0.0,0.740035662734603,0.6930778278006985,0.5539391045821447,0.5013363469995685,0.00996433726539725,0.056922172199301735,0.19606089541785554,0.2486636530004317
n4_t2_s20264925,20264925,4,2,5,B05,,"[[1,0],[2,0],[2,1],[2,0]]","[[1,1,0,0],[0,1,1,0],[0,0,1,0],[0,0,0,1]]",1,8.1,0.00010111392439982975,0.00010111392439983484,0.00010111392439983484,0.0,0.0,0.0,0.0,0.7499282090492327,0.7427206396286443,0.5638655519620452,0.5005543541733035,7.179095076748077e-05,0.007279360371355903,0.18613444803795498,0.2494456458266967
n4_t2_s20264925,20264925,4,2,6,B06,,"[[0,1],[3,2],[1,3],[2,3]]","[[1,0,0,0],[1,1,0,0],[0,0,1,1],[1,1,1,0]]",1,10.4,1.7893864465527553e-05,1.7893864465527237e-05,1.7893864465527237e-05,0.0,0.0,0.0,0.0,0.7500509873034324,0.7476899588292378,0.5817455230234673,0.5006276733327479,-5.098730343222613e-05,0.002310041170762389,0.16825447697653295,0.2493723266672523
n4_t2_s20264925,20264925,4,2,7,B07,pauli_only;projection,"[[0,2],[1,0],[1,0],[1,0]]","[[1,1,0,0],[0,1,0,0],[1,0,1,0],[0,0,0,1]]",1,8.1,0.2499525732144583,0.2499525732144584,0.2499525732144584,0.0,0.0,0.0,0.0,0.7396235645816004,0.687870457170494,0.5276537622563671,0.5003697555301979,0.010376435418399832,0.062129542829506224,0.22234623774363316,0.2496302444698023
n4_t2_s20264925,20264925,4,2,8,B08,,"[[0,3],[3,0],[3,0],[3,2]]","[[1,0,0,0],[0,1,0,0],[1,0,1,1],[1,0,0,1]]",1,8.1,4.693676646932669e-05,4.693676646932818e-05,4.693676646932818e-05,0.0,0.0,0.0,0.0,0.7499878300916161,0.7459887470147994,0.5732675800625457,0.5006362666454711,1.2169908384151995e-05,0.004011252985200775,0.17673241993745448,0.2493637333545291
n4_t2_s20264925,20264925,4,2,9,B09,,"[[1,0],[1,0],[0,2],[0,3]]","[[1,0,0,0],[0,1,0,0],[1,0,1,0],[1,0,0,1]]",1,6.9,0.00010160394347187732,0.0001016039434718755,0.0001016039434718755,0.0,0.0,0.0,0.0,0.7499096015381678,0.7390523120033682,0.5549752445533458,0.5005836886572148,9.03984618324527e-05,0.010947687996632038,0.19502475544665443,0.2494163113427854
n4_t2_s20264925,20264925,4,2,10,B10,oracle,"[[1,3],[2,1],[1,3],[3,1]]","[[1,0,0,0],[0,1,0,1],[0,0,1,0],[0,0,1,1]]",1,8.1,0.2499525732144583,0.24995257321445835,0.24995257321445835,0.0,0.0,0.0,0.0,0.7400911186615697,0.6918638131088357,0.5311938925636617,0.500292598542035,0.009908881338430486,0.05813618689116451,0.21880610743633855,0.24970740145796522
n4_t2_s20264925,20264925,4,2,11,B11,,"[[1,2],[1,2],[1,0],[3,1]]","[[1,1,0,0],[0,1,0,1],[0,0,1,0],[0,0,0,1]]",1,8.1,1.838388353757619e-05,1.8383883537575544e-05,1.8383883537575544e-05,0.0,0.0,0.0,0.0,0.750047724509122,0.7453646813180079,0.5664367514753317,0.5008619944689265,-4.772450912182702e-05,0.004635318681992295,0.18356324852466854,0.24913800553107368
n4_t2_s20264925,20264925,4,2,12,B12,,"[[0,2],[0,3],[3,2],[0,3]]","[[1,0,0,0],[0,1,0,0],[0,0,1,1],[0,0,0,1]]",0,4.6,7.070470093511604e-25,9.95859180733512e-25,0.0,0.0,0.0,0.0,0.0,0.7500000000042324,0.7558484946502366,0.7509626813751655,0.7500389192380343,-4.232170169871097e-12,-0.005848494650236402,-0.0009626813751653085,-3.8919238034118564e-05
n4_t2_s20264926,20264926,4,2,0,identity,identity,"[[0,1],[0,1],[0,1],[0,1]]","[[1,0,0,0],[0,1,0,0],[0,0,1,0],[0,0,0,1]]",0,0.0,1.1650163782731462e-24,1.2923450965091845e-24,0.0,0.0,0.0,0.0,0.0,0.750000000006269,0.7560848219615616,0.7510456431753172,0.7500507586082332,-6.268985330848409e-12,-0.006084821961561571,-0.0010456431753171902,-5.0758608233225644e-05
n4_t2_s20264926,20264926,4,2,1,B01,random,"[[1,0],[3,2],[0,1],[2,3]]","[[1,1,0,0],[1,0,0,0],[0,0,1,1],[0,0,1,0]]",0,9.2,8.93633055780934e-25,1.2925482409696293e-24,1.8423045930522178e-28,0.0,0.0,0.0,0.0,0.7500000000054312,0.7548803822947225,0.7508365943180666,0.7500355796724357,-5.431211036466266e-12,-0.004880382294722541,-0.0008365943180665969,-3.557967243572602e-05
n4_t2_s20264926,20264926,4,2,2,B02,osr_only,"[[3,0],[0,1],[3,0],[3,2]]","[[1,0,0,0],[1,1,0,1],[0,0,1,1],[0,0,0,1]]",1,10.4,0.00025119100705220474,0.000251191007052209,0.000251191007052209,0.0,0.0,0.0,0.0,0.7498701165289126,0.7408733024029004,0.5669168720915752,0.5007029504086551,0.00012988347108744414,0.009126697597099609,0.18308312790842485,0.2492970495913449
n4_t2_s20264926,20264926,4,2,3,B03,pauli_only;projection,"[[1,2],[1,0],[0,2],[2,3]]","[[1,1,0,0],[0,1,0,0],[1,0,1,0],[1,0,1,1]]",1,10.4,0.24985291752548813,0.24985291752548808,0.24985291752548808,0.0,0.0,0.0,0.0,0.7408566370677758,0.6865621443767491,0.5241996296609313,0.5003469785603918,0.009143362932224175,0.06343785562325088,0.22580037033906875,0.2496530214396082
n4_t2_s20264926,20264926,4,2,4,B04,,"[[1,3],[0,2],[1,3],[0,1]]","[[1,0,0,0],[1,1,0,0],[1,0,1,0],[0,0,0,1]]",1,6.9,0.0002630747844546828,0.00026307478445468407,0.00026307478445468407,0.0,0.0,0.0,0.0,0.7497848701146238,0.7354887351871777,0.5583649393588644,0.5008761998864146,0.00021512988537619737,0.014511264812822278,0.19163506064113556,0.24912380011358537
n4_t2_s20264926,20264926,4,2,5,B05,,"[[0,1],[3,2],[1,0],[3,2]]","[[0,1,0,0],[1,1,0,0],[0,0,1,0],[0,0,0,1]]",0,7.0,8.380532130770169e-25,1.2924612497120688e-24,9.723920174469511e-29,0.0,0.0,0.0,0.0,0.7500000000053952,0.7557420047338818,0.750985867297195,0.7500378412277926,-5.395239810468411e-12,-0.005742004733881756,-0.0009858672971949645,-3.784122779260102e-05
n4_t2_s20264926,20264926,4,2,6,B06,,"[[2,3],[1,2],[1,2],[2,0]]","[[1,0,1,0],[0,1,0,0],[0,0,1,0],[0,0,1,1]]",1,6.9,0.0002745229443062832,0.0002745229443062884,0.0002745229443062884,0.0,0.0,0.0,0.0,0.7497939679435157,0.7366110399415833,0.5587936558754609,0.5008462188314871,0.00020603205648428435,0.013388960058416721,0.19120634412453907,0.24915378116851294
n4_t2_s20264926,20264926,4,2,7,B07,,"[[0,1],[2,0],[1,0],[2,1]]","[[0,1,1,0],[1,1,1,0],[0,0,1,0],[0,0,0,1]]",1,9.3,0.00014708247451179353,0.00014708247451179958,0.00014708247451179958,0.0,0.0,0.0,0.0,0.7499167017936585,0.7446617759904908,0.5839067200417651,0.5006399524309657,8.329820634145335e-05,0.005338224009509229,0.16609327995823486,0.2493600475690343
n4_t2_s20264926,20264926,4,2,8,B08,,"[[0,1],[3,1],[3,1],[2,0]]","[[1,0,1,0],[1,1,0,0],[0,0,1,0],[0,0,0,1]]",1,8.1,0.0002630747844546835,0.00026307478445468456,0.00026307478445468456,0.0,0.0,0.0,0.0,0.7497848701142273,0.7342695640841315,0.5596667055472291,0.5007810340599579,0.00021512988577265801,0.015730435915868535,0.19033329445277092,0.24921896594004211
n4_t2_s20264926,20264926,4,2,9,B09,,"[[3,2],[0,1],[2,3],[0,3]]","[[1,0,0,0],[1,1,0,0],[0,0,1,1],[1,0,1,0]]",1,10.4,0.2494742860486414,0.24947428604864136,0.24947428604864136,0.0,0.0,0.0,0.0,0.7407338509406474,0.6956890798725595,0.5561676235226778,0.5014388807017682,0.009266149059352635,0.05431092012744054,0.1938323764773222,0.24856111929823177
n4_t2_s20264926,20264926,4,2,10,B10,,"[[3,0],[1,2],[3,2],[1,2]]","[[1,0,0,1],[0,1,0,0],[0,0,1,1],[0,0,0,1]]",1,6.9,0.0002745229443062831,0.0002745229443062837,0.0002745229443062837,0.0,0.0,0.0,0.0,0.7497939629703376,0.7406327662626444,0.5611427302952179,0.5011109440848339,0.00020603702966237591,0.009367233737355596,0.18885726970478212,0.24888905591516608
n4_t2_s20264926,20264926,4,2,11,B11,oracle,"[[0,3],[1,0],[2,3],[3,2]]","[[1,1,0,0],[0,1,0,0],[1,0,0,1],[1,0,1,1]]",1,10.4,0.000398273481563993,0.00039827348156399423,0.00039827348156399423,0.0,0.0,0.0,0.0,0.749758923421485,0.7359169904438846,0.5349653361503639,0.5002966269311964,0.0002410765785150204,0.014083009556115411,0.2150346638496361,0.24970337306880364
n4_t2_s20264926,20264926,4,2,12,B12,,"[[3,2],[2,1],[3,1],[3,2]]","[[1,0,0,0],[0,1,1,0],[0,0,1,0],[0,0,0,1]]",1,4.6,0.00014708247451179505,0.00014708247451179573,0.00014708247451179573,0.0,0.0,0.0,0.0,0.7499166994046789,0.7462450736786808,0.6221548343285213,0.5006483018252326,8.33005953211341e-05,0.0037549263213192408,0.12784516567147874,0.24935169817476743
n4_t2_s20264927,20264927,4,2,0,identity,identity,"[[0,1],[0,1],[0,1],[0,1]]","[[1,0,0,0],[0,1,0,0],[0,0,1,0],[0,0,0,1]]",0,0.0,1.0689943307565854e-24,1.4354054038268176e-24,0.0,0.0,0.0,0.0,0.0,0.7500000000056491,0.755406798801116,0.7507067832923745,0.7500069049235963,-5.649147816200184e-12,-0.005406798801116053,-0.0007067832923745021,-6.904923596340318e-06
n4_t2_s20264927,20264927,4,2,1,B01,osr_only,"[[3,0],[2,0],[0,1],[2,3]]","[[1,0,1,1],[1,1,1,1],[0,0,1,0],[0,0,1,1]]",1,10.4,0.0005296227014205821,0.0005296227014205782,0.0005296227014205782,0.0,0.0,0.0,0.0,0.749587414661814,0.7338399536367559,0.5577863034321129,0.5007321494802468,0.00041258533818600007,0.016160046363244085,0.19221369656788712,0.2492678505197532
n4_t2_s20264927,20264927,4,2,2,B02,,"[[0,1],[0,2],[0,3],[0,2]]","[[1,0,0,0],[1,1,0,0],[0,0,1,0],[1,0,0,1]]",1,6.9,0.0013881071817038071,0.0013881071817038134,0.0013881071817038134,0.0,0.0,0.0,0.0,0.7492421859994035,0.7342983612693894,0.5497849865576703,0.5007361592164574,0.0007578140005964906,0.01570163873061059,0.20021501344232973,0.24926384078354258
n4_t2_s20264927,20264927,4,2,3,B03,,"[[0,1],[1,3],[3,1],[3,1]]","[[1,0,0,0],[1,1,0,0],[0,0,1,0],[1,1,0,1]]",1,8.1,0.24808227011687564,0.24808227011687542,0.24808227011687542,0.0,0.0,0.0,0.0,0.7396604241681655,0.6926132782308061,0.5535347151937612,0.5013281380123126,0.010339575831834535,0.057386721769193905,0.19646528480623882,0.24867186198768743
n4_t2_s20264927,20264927,4,2,4,B04,,"[[3,1],[3,1],[0,1],[0,2]]","[[1,0,0,0],[1,1,0,0],[1,0,1,0],[0,0,0,1]]",1,6.9,0.0003766413778337939,0.000376641377833797,0.000376641377833797,0.0,0.0,0.0,0.0,0.749799489757984,0.7407733249404855,0.5680731775983342,0.5007950542179613,0.0002005102420159499,0.009226675059514466,0.1819268224016658,0.24920494578203867
n4_t2_s20264927,20264927,4,2,5,B05,pauli_only;projection;oracle,"[[1,3],[0,1],[0,2],[0,2]]","[[1,0,0,0],[1,1,0,0],[0,0,1,0],[0,1,0,1]]",1,8.1,0.24947037729857935,0.24947037729857946,0.24947037729857946,0.0,0.0,0.0,0.0,0.7388887254412566,0.681885347008419,0.5232774645698973,0.5003509660361407,0.01111127455874339,0.06811465299158104,0.22672253543010268,0.2496490339638593
n4_t2_s20264927,20264927,4,2,6,B06,,"[[1,0],[1,0],[3,2],[0,1]]","[[1,0,0,0],[1,1,0,0],[0,0,1,1],[0,0,0,1]]",0,9.2,9.2438195103991e-25,1.4359219821464295e-24,2.6133915705357244e-28,0.0,0.0,0.0,0.0,0.7500000000047176,0.7546092120404045,0.7507566077439545,0.7500166252504779,-4.717559676237215e-12,-0.004609212040404542,-0.0007566077439544738,-1.6625250477853015e-05
n4_t2_s20264927,20264927,4,2,7,B07,,"[[2,3],[1,2],[1,3],[3,2]]","[[1,0,0,0],[0,1,0,0],[0,0,0,1],[0,1,1,1]]",1,9.3,0.00046754455110270516,0.0004675445511027098,0.0004675445511027098,0.0,0.0,0.0,0.0,0.7496285125698957,0.7441385984406899,0.5517674694685166,0.5013960023450872,0.0003714874301042892,0.005861401559310142,0.19823253053148338,0.2486039976549128
n4_t2_s20264927,20264927,4,2,8,B08,,"[[1,2],[2,3],[3,2],[0,1]]","[[1,0,0,0],[1,1,0,0],[0,0,0,1],[0,1,1,1]]",1,10.4,0.0008441859289364962,0.0008441859289364945,0.0008441859289364945,0.0,0.0,0.0,0.0,0.7494280177451385,0.7326566875748749,0.5273487489744756,0.5004044504812959,0.0005719822548615472,0.0173433124251251,0.2226512510255244,0.2495955495187041
n4_t2_s20264927,20264927,4,2,9,B09,,"[[0,3],[2,3],[0,3],[2,0]]","[[1,0,1,0],[0,1,0,0],[0,0,1,0],[0,0,1,1]]",1,6.9,0.0003145632275159189,0.0003145632275159155,0.0003145632275159155,0.0,0.0,0.0,0.0,0.7497382206177008,0.7400236709825425,0.5627156485880966,0.5005032786312114,0.00026177938229920983,0.009976329017457486,0.18728435141190336,0.24949672136878864
n4_t2_s20264927,20264927,4,2,10,B10,random,"[[0,3],[1,2],[1,0],[0,3]]","[[1,1,0,0],[0,1,0,0],[0,1,1,0],[0,1,0,1]]",1,8.0,0.2482352514404619,0.24823525144046207,0.24823525144046207,0.0,0.0,0.0,0.0,0.7390534749931502,0.6919445364622092,0.5539850612020637,0.5013985330784154,0.010946525006849783,0.058055463537790786,0.1960149387979363,0.24860146692158458
n4_t2_s20264927,20264927,4,2,11,B11,,"[[3,1],[3,2],[0,1],[1,0]]","[[0,1,0,1],[1,1,0,1],[0,0,1,1],[0,0,0,1]]",1,10.4,0.001450185332021685,0.0014501853320216772,0.0014501853320216772,0.0,0.0,0.0,0.0,0.7494169736922669,0.7321760520342695,0.5599049064020134,0.5006645973060804,0.0005830263077331033,0.017823947965730502,0.1900950935979866,0.24933540269391963
n4_t2_s20264927,20264927,4,2,12,B12,,"[[2,3],[0,1],[2,0],[2,3]]","[[1,0,1,0],[1,1,0,0],[0,0,1,0],[0,0,0,1]]",1,8.1,0.0003766413778337959,0.0003766413778337876,0.0003766413778337876,0.0,0.0,0.0,0.0,0.7497994897579116,0.7397745090751544,0.5669175599228518,0.5005831590236361,0.00020051024208844748,0.010225490924845593,0.18308244007714825,0.24941684097636385
n6_t3_s20267023,20267023,6,3,0,identity,identity,"[[0,1],[0,1],[0,1],[0,1]]","[[1,0,0,0,0,0],[0,1,0,0,0,0],[0,0,1,0,0,0],[0,0,0,1,0,0],[0,0,0,0,1,0],[0,0,0,0,0,1]]",0,0.0,7.75334172351378e-14,3.7376700900275345e-09,0.0,0.0,0.0,0.0,0.0,0.8813172103665108,0.8765504031408773,0.8751150409350679,0.8750330155461565,-0.006317202891268581,-0.0015503956656350848,-0.00011503345982566415,-3.3008070914331e-05
n6_t3_s20267023,20267023,6,3,1,B01,projection,"[[0,4],[1,4],[1,2],[2,1]]","[[1,0,0,0,0,0],[0,0,1,0,0,0],[0,1,1,0,0,0],[0,0,0,1,0,0],[1,1,0,0,1,0],[0,0,0,0,0,1]]",1,21.1,0.06249953539985898,0.06249953913750075,0.06249953539983066,0.0,0.0,0.0,0.0,0.8748248609375455,0.8463860572004688,0.7720138297692192,0.7501613817041745,0.00017514653769667987,0.028613950274773425,0.10298617770602303,0.12483862577106775
n6_t3_s20267023,20267023,6,3,2,B02,,"[[1,5],[2,4],[5,3],[3,4]]","[[1,0,0,0,0,0],[0,1,0,0,0,0],[0,0,1,0,0,0],[0,1,0,1,0,1],[0,1,1,1,1,1],[0,1,0,0,0,1]]",2,23.5,9.404909131390257e-07,9.405852809619058e-07,9.368476108718385e-07,0.0,0.0,0.0,0.0,0.8797307226178415,0.8765839003589878,0.8748928667791,0.759277579726798,-0.004730715142599262,-0.0015838928837456079,0.0001071406961421495,0.11572242774844421
n6_t3_s20267023,20267023,6,3,3,B03,,"[[5,0],[1,2],[5,3],[3,4]]","[[1,0,0,0,0,1],[0,1,0,0,0,0],[0,1,1,0,0,0],[0,0,0,1,0,1],[0,0,0,1,1,1],[0,0,0,0,0,1]]",1,22.4,4.571739900124713e-07,4.609110201013837e-07,4.5717335001131645e-07,0.0,0.0,0.0,0.0,0.8813851461068314,0.876519537924307,0.87113000983155,0.7509683404087366,-0.006385138631589182,-0.001519530449064832,0.0038699976436922245,0.12403166706650559
n6_t3_s20267023,20267023,6,3,4,B04,osr_only;oracle,"[[0,4],[0,3],[1,2],[4,1]]","[[1,0,0,0,0,0],[1,1,0,0,1,0],[0,1,1,0,0,0],[1,0,0,1,0,0],[1,0,0,0,1,0],[0,0,0,0,0,1]]",2,26.2,3.664851726204073e-06,3.6685893574082302e-06,3.664851687318163e-06,0.0,0.0,0.0,0.0,0.8809274747095052,0.875253079491611,0.8042136145619829,0.5696500412012195,-0.005927467234262962,-0.00025307201636881604,0.07078639291325928,0.30534996627402267
n6_t3_s20267023,20267023,6,3,5,B05,,"[[1,3],[1,4],[3,5],[4,1]]","[[1,0,0,0,0,0],[0,0,0,0,1,0],[0,0,1,0,0,0],[0,1,0,1,0,0],[0,1,0,0,1,0],[0,1,0,1,0,1]]",2,25.0,3.644193474775494e-09,3.739132653797853e-09,1.4625637305791263e-12,0.0,0.0,0.0,0.0,0.8809251284680594,0.876169598824673,0.875130688985139,0.8469035491941164,-0.005925120992817168,-0.001169591349430843,-0.00013068150989681282,0.028096458281125836
n6_t3_s20267023,20267023,6,3,6,B06,,"[[2,4],[0,5],[5,2],[2,4]]","[[1,0,0,0,0,0],[0,1,0,0,0,0],[1,0,1,0,0,1],[0,0,0,1,0,0],[1,0,0,0,1,1],[1,0,0,0,0,1]]",2,18.6,6.605570423248832e-06,6.609308061639934e-06,6.6055703915498664e-06,0.0,0.0,0.0,0.0,0.8806097023225253,0.8750914290971409,0.8097262367180648,0.7504283226294942,-0.005609694847283131,-9.142162189867964e-05,0.06527377075717744,0.12457168484574799
n6_t3_s20267023,20267023,6,3,7,B07,random,"[[4,0],[2,5],[5,4],[4,3]]","[[1,0,0,0,1,0],[0,1,0,0,0,0],[0,0,1,0,0,0],[0,0,1,1,1,1],[0,0,1,0,1,1],[0,0,1,0,0,1]]",2,26.2,0.06249295299740686,0.06249295673501997,0.06249295299734988,0.0,0.0,0.0,0.0,0.8755813276731412,0.8473216041176369,0.7762250409183898,0.7507150066999474,-0.0005813201978990268,0.027678403357605297,0.09877496655685236,0.12428500077529481
n6_t3_s20267023,20267023,6,3,8,B08,,"[[5,2],[1,0],[5,3],[4,0]]","[[1,1,0,0,1,0],[0,1,0,0,0,0],[0,0,1,0,0,1],[0,0,0,1,0,1],[0,0,0,0,1,0],[0,0,0,0,0,1]]",2,22.4,8.80533052620131e-08,9.179090736175135e-08,8.805323727168407e-08,0.0,0.0,0.0,0.0,0.8815080121145606,0.8761383029427794,0.8214517414074565,0.5729577760418973,-0.006508004639318443,-0.001138295467537187,0.05354826606778573,0.30204223143334485
n6_t3_s20267023,20267023,6,3,9,B09,,"[[0,3],[3,5],[3,5],[4,5]]","[[1,0,0,0,0,0],[0,1,0,0,0,0],[0,0,1,0,0,0],[1,0,0,1,0,0],[0,0,0,0,1,0],[0,0,0,0,1,1]]",1,16.2,0.06249861432079996,0.06249861805702639,0.0624986143193563,0.0,0.0,0.0,0.0,0.8767596438509915,0.847659514701204,0.7784526940508887,0.750715162109127,-0.001759636375749274,0.02734049277403816,0.09654731342435352,0.12428484536611517
n6_t3_s20267023,20267023,6,3,10,B10,,"[[4,1],[0,1],[4,0],[5,4]]","[[1,0,0,0,1,0],[1,1,0,0,1,0],[0,0,1,0,0,0],[0,0,0,1,0,0],[0,0,0,0,1,1],[0,0,0,0,0,1]]",1,19.8,1.3218260603393262e-10,3.869821742123425e-09,1.321516520561513e-10,0.0,0.0,0.0,0.0,0.8804522159937521,0.8760870227068213,0.851365914138206,0.7709278019125955,-0.005452208518509916,-0.0010870152315790582,0.023634093337036255,0.10407220556264674
n6_t3_s20267023,20267023,6,3,11,B11,,"[[1,0],[3,4],[4,5],[1,5]]","[[1,1,0,0,0,0],[0,1,0,0,0,0],[0,0,1,0,0,0],[0,0,0,1,0,0],[0,0,0,1,1,0],[0,1,0,1,1,1]]",1,22.3,1.3196678109972146e-10,3.867584921963263e-09,1.2991483189598878e-10,0.0,0.0,0.0,0.0,0.8808160740034248,0.8760946537913435,0.8616532542551947,0.7563044952363508,-0.005816066528182562,-0.0010946463161013442,0.013346753220047525,0.11869551223889141
n6_t3_s20267023,20267023,6,3,12,B12,pauli_only,"[[4,1],[3,5],[1,0],[2,4]]","[[1,1,0,0,1,0],[0,1,0,0,1,0],[0,0,1,0,0,0],[0,0,0,1,0,0],[0,0,1,0,1,0],[0,0,0,1,0,1]]",2,24.9,0.06249953904246289,0.06249953913741355,0.06249953539974346,0.0,0.0,0.0,0.0,0.8744285728035035,0.8464889247381121,0.7725020994908132,0.7501830802279714,0.000571434671738702,0.0285110827371301,0.10249790798442904,0.12481692724727078
n6_t3_s20267024,20267024,6,3,0,identity,identity,"[[0,1],[0,1],[0,1],[0,1]]","[[1,0,0,0,0,0],[0,1,0,0,0,0],[0,0,1,0,0,0],[0,0,0,1,0,0],[0,0,0,0,1,0],[0,0,0,0,0,1]]",0,0.0,3.5272571804041786e-25,7.510250248374731e-25,4.115521095732032e-29,0.0,0.0,0.0,0.0,0.8750000000015101,0.8784662809292743,0.8755572665143032,0.8750120076737472,-1.510125358095138e-12,-0.003466280929274257,-0.0005572665143032118,-1.2007673747205239e-05
n6_t3_s20267024,20267024,6,3,1,B01,,"[[5,1],[0,3],[0,1],[5,1]]","[[1,0,0,0,0,0],[1,1,0,0,0,0],[0,0,1,0,0,0],[1,0,0,1,0,0],[0,0,0,0,1,0],[0,0,0,0,0,1]]",1,11.6,8.225095878745605e-05,8.225095878745517e-05,8.225095878745517e-05,0.0,0.0,0.0,0.0,0.8748524004677714,0.8691446897970624,0.7823068411430174,0.750286704081521,0.0001475995322286483,0.005855310202937614,0.0926931588569826,0.12471329591847902
n6_t3_s20267024,20267024,6,3,2,B02,random,"[[0,5],[0,4],[1,2],[1,4]]","[[1,0,0,0,0,0],[0,1,0,0,0,0],[0,1,1,0,0,0],[0,0,0,1,0,0],[1,1,0,0,1,0],[1,0,0,0,0,1]]",2,23.2,5.544523830942415e-05,5.544523830942374e-05,5.544523830942374e-05,0.0,0.0,0.0,0.0,0.8749010592560768,0.8725144106890704,0.724255048781296,0.5600460985229103,9.894074392324814e-05,0.00248558931092957,0.15074495121870402,0.3149539014770897
n6_t3_s20267024,20267024,6,3,3,B03,,"[[3,4],[3,1],[4,3],[2,0]]","[[1,0,1,0,0,0],[0,1,0,1,0,0],[0,0,1,0,0,0],[0,0,0,0,1,0],[0,0,0,1,1,0],[0,0,0,0,0,1]]",1,27.1,0.0003371552527720584,0.00033715525277205536,0.00033715525277205536,0.0,0.0,0.0,0.0,0.8745941041254182,0.8653191682494621,0.766888902049676,0.750315571446236,0.00040589587458184084,0.00968083175053791,0.10811109795032403,0.12468442855376405
n6_t3_s20267024,20267024,6,3,4,B04,,"[[1,2],[1,2],[2,5],[1,0]]","[[1,1,0,0,0,0],[0,1,0,0,0,0],[0,0,1,0,0,0],[0,0,0,1,0,0],[0,0,0,0,1,0],[0,0,1,0,0,1]]",1,15.5,0.06216545598475227,0.062165455984752295,0.062165455984752295,0.0,0.0,0.0,0.0,0.8704934411952906,0.8486808046252025,0.7783832523709733,0.7507042233834921,0.004506558804709404,0.026319195374797544,0.09661674762902672,0.12429577661650792
n6_t3_s20267024,20267024,6,3,5,B05,,"[[4,1],[4,3],[2,1],[1,4]]","[[1,0,0,0,0,0],[0,1,1,0,1,0],[0,0,1,0,0,0],[0,0,0,1,1,0],[0,1,1,0,0,0],[0,0,0,0,0,1]]",2,25.8,0.00026253354866781936,0.0002625335486678225,0.0002625335486678225,0.0,0.0,0.0,0.0,0.8747118573020702,0.8658421835079315,0.7777697815354275,0.7503812619644213,0.00028814269792976077,0.009157816492068482,0.09723021846457247,0.12461873803557866
n6_t3_s20267024,20267024,6,3,6,B06,pauli_only;projection;oracle,"[[1,4],[0,1],[1,3],[1,0]]","[[0,1,0,0,0,0],[1,1,0,0,0,0],[0,0,1,0,0,0],[1,1,0,1,0,0],[0,1,0,0,1,0],[0,0,0,0,0,1]]",2,23.2,0.062300340494221874,0.0623003404942219,0.0623003404942219,0.0,0.0,0.0,0.0,0.8701551012860479,0.8375504997590691,0.6021100944149771,0.5009093374303828,0.004844898713952106,0.037449500240930855,0.2728899055850229,0.3740906625696172
n6_t3_s20267024,20267024,6,3,7,B07,,"[[0,1],[0,4],[1,0],[1,3]]","[[0,1,0,0,0,0],[1,1,0,0,0,0],[0,0,1,0,0,0],[1,1,0,1,0,0],[1,0,0,0,1,0],[0,0,0,0,0,1]]",2,23.2,0.0003738138564015056,0.00037381385640150415,0.00037381385640150415,0.0,0.0,0.0,0.0,0.8745374073842893,0.8618490544693544,0.633051787236846,0.5020413600486733,0.00046259261571068855,0.013150945530645552,0.24194821276315404,0.3729586399513267
n6_t3_s20267024,20267024,6,3,8,B08,,"[[3,5],[5,0],[5,1],[4,0]]","[[1,0,0,1,1,1],[0,1,0,1,0,1],[0,0,1,0,0,0],[0,0,0,1,0,0],[0,0,0,0,1,0],[0,0,0,1,0,1]]",2,25.8,7.34615339451042e-05,7.346153394510431e-05,7.346153394510431e-05,0.0,0.0,0.0,0.0,0.874907655150482,0.8747243183389782,0.7932488250463395,0.5661567442987399,9.234484951803346e-05,0.00027568166102176495,0.08175117495366047,0.30884325570126014
n6_t3_s20267024,20267024,6,3,9,B09,,"[[3,0],[5,1],[2,0],[0,2]]","[[1,0,1,1,0,0],[0,1,0,0,0,1],[1,0,0,1,0,0],[0,0,0,1,0,0],[0,0,0,0,1,0],[0,0,0,0,0,1]]",2,27.1,0.06201720050902098,0.06201720050902083,0.06201720050902083,0.0,0.0,0.0,0.0,0.8705350544040046,0.8487028555942201,0.7783658924381572,0.750707873945285,0.004464945595995418,0.026297144405779904,0.09663410756184276,0.12429212605471496
n6_t3_s20267024,20267024,6,3,10,B10,,"[[0,2],[1,3],[3,4],[3,2]]","[[1,0,0,0,0,0],[0,1,0,0,0,0],[1,1,1,1,0,0],[0,1,0,1,0,0],[0,1,0,1,1,0],[0,0,0,0,0,1]]",2,25.8,8.031635233491998e-05,8.031635233491924e-05,8.031635233491924e-05,0.0,0.0,0.0,0.0,0.8748994879905695,0.8731541765008375,0.7882275891560402,0.5226635698754998,0.00010051200943050898,0.0018458234991625133,0.08677241084395981,0.3523364301245002
n6_t3_s20267024,20267024,6,3,11,B11,,"[[4,3],[4,3],[2,1],[3,5]]","[[1,0,0,0,0,0],[0,1,1,0,0,0],[0,0,1,0,0,0],[0,0,0,1,0,0],[0,0,0,0,1,0],[0,0,0,1,0,1]]",0,15.5,4.695184523036423e-25,8.076474109842983e-25,5.666354135778251e-26,0.0,0.0,0.0,0.0,0.8750000000015435,0.8781142074427275,0.8755522856560262,0.8750166983440938,-1.5435430711363551e-12,-0.0031142074427275013,-0.0005522856560261635,-1.6698344093790674e-05
n6_t3_s20267024,20267024,6,3,12,B12,osr_only,"[[4,5],[4,1],[3,4],[0,3]]","[[1,0,0,0,0,0],[0,1,0,0,1,0],[0,0,1,0,0,0],[1,0,0,1,0,0],[0,0,0,1,1,0],[0,0,0,0,1,1]]",2,27.200000000000003,0.00023974912304802312,0.00023974912304801927,0.00023974912304801927,0.0,0.0,0.0,0.0,0.87470974380781,0.8588465511670387,0.6600545350866794,0.5040531605472469,0.0002902561921900304,0.016153448832961326,0.21494546491332056,0.3709468394527531
n6_t3_s20267025,20267025,6,3,0,identity,identity,"[[0,1],[0,1],[0,1],[0,1]]","[[1,0,0,0,0,0],[0,1,0,0,0,0],[0,0,1,0,0,0],[0,0,0,1,0,0],[0,0,0,0,1,0],[0,0,0,0,0,1]]",0,0.0,2.873518829609719e-25,1.80193551422526e-24,1.458624409354338e-28,0.0,0.0,0.0,0.0,0.8750000000009813,0.8807609016759284,0.8756791416867415,0.8750095249824625,-9.813261314661759e-13,-0.005760901675928354,-0.0006791416867415467,-9.524982462538745e-06
n6_t3_s20267025,20267025,6,3,1,B01,,"[[1,4],[2,0],[5,3],[3,5]]","[[1,0,1,0,0,0],[0,1,0,0,0,0],[0,0,1,0,0,0],[0,0,0,1,0,1],[0,1,0,0,1,0],[0,0,0,1,0,0]]",1,26.0,0.06225372858982544,0.062253728589825356,0.062253728589825356,0.0,0.0,0.0,0.0,0.8703591323516661,0.8485903540133051,0.7778426015464383,0.7506825049553199,0.004640867648333935,0.02640964598669493,0.09715739845356175,0.12431749504468015
n6_t3_s20267025,20267025,6,3,2,B02,,"[[5,0],[5,3],[4,0],[1,3]]","[[1,0,0,0,1,1],[0,1,0,0,0,0],[0,0,1,0,0,0],[0,1,0,1,0,1],[0,0,0,0,1,0],[0,0,0,0,0,1]]",2,23.400000000000002,4.690763213070071e-05,4.6907632130701465e-05,4.6907632130701465e-05,0.0,0.0,0.0,0.0,0.8751882071766752,0.8728932511542133,0.746881451222978,0.5149612136247763,-0.0001882071766752258,0.0021067488457866546,0.128118548777022,0.3600387863752237
n6_t3_s20267025,20267025,6,3,3,B03,,"[[1,0],[1,5],[3,1],[3,2]]","[[1,1,0,0,0,0],[0,1,0,1,0,0],[0,0,1,1,0,0],[0,0,0,1,0,0],[0,0,0,0,1,0],[0,1,0,0,0,1]]",2,23.400000000000002,0.00010222608340837022,0.00010222608340836923,0.00010222608340836923,0.0,0.0,0.0,0.0,0.8748902237235641,0.8719019171246202,0.7764060569638958,0.5294871279809833,0.00010977627643593557,0.003098082875379826,0.09859394303610425,0.3455128720190167
n6_t3_s20267025,20267025,6,3,4,B04,,"[[0,4],[4,5],[4,1],[0,2]]","[[1,0,0,0,0,0],[1,1,0,0,1,0],[1,0,1,0,0,0],[0,0,0,1,0,0],[1,0,0,0,1,0],[1,0,0,0,1,1]]",2,23.400000000000002,0.00013529590197998998,0.00013529590197999242,0.00013529590197999242,0.0,0.0,0.0,0.0,0.874851250381631,0.8697435420474238,0.7584927752547076,0.5356568492907001,0.00014874961836897072,0.005256457952576232,0.1165072247452924,0.3393431507092999
n6_t3_s20267025,20267025,6,3,5,B05,random,"[[0,1],[0,2],[4,3],[3,5]]","[[1,0,0,0,0,0],[1,1,0,0,0,0],[1,0,1,0,0,0],[0,0,0,1,1,0],[0,0,0,0,1,0],[0,0,0,1,1,1]]",0,27.3,1.5186040604079984e-24,2.2002101067577967e-24,3.9842045497347203e-25,0.0,0.0,0.0,0.0,0.8750000000010179,0.8793724736520655,0.8756615753198723,0.8750262861952876,-1.0178524689763435e-12,-0.0043724736520655005,-0.0006615753198723207,-2.6286195287550385e-05
n6_t3_s20267025,20267025,6,3,6,B06,,"[[3,5],[5,4],[4,0],[3,4]]","[[1,0,0,1,1,1],[0,1,0,0,0,0],[0,0,1,0,0,0],[0,0,0,1,0,0],[0,0,0,0,1,1],[0,0,0,1,0,1]]",1,26.0,5.397237175185496e-05,5.397237175185606e-05,5.397237175185606e-05,0.0,0.0,0.0,0.0,0.8749509029035661,0.8725887796512432,0.7784960590682881,0.7506546310088028,4.9097096433858844e-05,0.0024112203487568484,0.09650394093171188,0.12434536899119719
n6_t3_s20267025,20267025,6,3,7,B07,,"[[5,4],[1,5],[1,5],[0,4]]","[[1,0,0,0,0,0],[0,1,0,0,0,0],[0,0,1,0,0,0],[0,0,0,1,0,0],[1,0,0,0,1,1],[0,0,0,0,0,1]]",1,11.700000000000001,2.2473092703548173e-05,2.2473092703547655e-05,2.2473092703547655e-05,0.0,0.0,0.0,0.0,0.8749858043408849,0.8756533799563399,0.7922348058180958,0.7510073151560778,1.4195659115090464e-05,-0.0006533799563398501,0.0827651941819042,0.12399268484392223
n6_t3_s20267025,20267025,6,3,8,B08,,"[[3,2],[0,2],[5,2],[5,2]]","[[1,0,0,0,0,0],[0,1,0,0,0,0],[1,0,1,1,0,0],[0,0,0,1,0,0],[0,0,0,0,1,0],[0,0,0,0,0,1]]",1,11.700000000000001,2.47219443384205e-05,2.4721944338420266e-05,2.4721944338420266e-05,0.0,0.0,0.0,0.0,0.874987278709516,0.8744278366432726,0.7940127618653268,0.750800808892832,1.2721290484019043e-05,0.0005721633567273843,0.08098723813467323,0.12419919110716804
n6_t3_s20267025,20267025,6,3,9,B09,,"[[1,3],[3,5],[0,4],[0,3]]","[[1,0,0,0,0,0],[0,1,0,0,0,0],[0,0,1,0,0,0],[1,1,0,1,0,0],[1,0,0,0,1,0],[0,1,0,1,0,1]]",2,27.3,5.57330490570909e-05,5.573304905709109e-05,5.573304905709109e-05,0.0,0.0,0.0,0.0,0.874948925610452,0.8721208694012574,0.693504291992481,0.5028312457611621,5.107438954798926e-05,0.002879130598742563,0.18149570800751902,0.3721687542388379
n6_t3_s20267025,20267025,6,3,10,B10,pauli_only;projection,"[[5,2],[3,4],[4,3],[0,4]]","[[1,0,0,0,0,0],[0,1,0,0,0,0],[0,0,1,0,0,1],[0,0,0,0,1,0],[1,0,0,1,1,0],[0,0,0,0,0,1]]",2,27.3,0.12476210446680776,0.12476210446680765,0.12476210446680765,0.0,0.0,0.0,0.0,0.865704599417608,0.814511939967006,0.5968797833363079,0.5011086684794595,0.009295400582391977,0.06048806003299401,0.27812021666369213,0.37389133152054055
n6_t3_s20267025,20267025,6,3,11,B11,,"[[4,5],[1,4],[1,0],[5,1]]","[[1,1,0,0,0,0],[0,1,0,0,1,1],[0,0,1,0,0,0],[0,0,0,1,0,0],[0,1,0,0,1,0],[0,0,0,0,1,1]]",2,27.3,3.60095575452009e-05,3.60095575452001e-05,3.60095575452001e-05,0.0,0.0,0.0,0.0,0.8749808442756595,0.8732549408207472,0.7799003484130227,0.750326117202154,1.9155724340524927e-05,0.001745059179252828,0.09509965158697731,0.12467388279784597
n6_t3_s20267025,20267025,6,3,12,B12,osr_only;oracle,"[[3,4],[1,0],[5,2],[4,1]]","[[1,1,0,0,0,0],[0,1,0,1,1,0],[0,0,1,0,0,1],[0,0,0,1,0,0],[0,0,0,1,1,0],[0,0,0,0,0,1]]",2,28.6,0.06238682853387095,0.06238682853387091,0.06238682853387091,0.0,0.0,0.0,0.0,0.8702708936895136,0.8417100033556235,0.6118631878010181,0.5009806359116076,0.004729106310486397,0.033289996644376485,0.2631368121989819,0.3740193640883924
n6_t3_s20267026,20267026,6,3,0,identity,identity,"[[0,1],[0,1],[0,1],[0,1]]","[[1,0,0,0,0,0],[0,1,0,0,0,0],[0,0,1,0,0,0],[0,0,0,1,0,0],[0,0,0,0,1,0],[0,0,0,0,0,1]]",0,0.0,1.183847874346875e-24,1.7737240865760834e-24,4.334093072376007e-28,0.0,0.0,0.0,0.0,0.8750000000037856,0.8812477052815525,0.8756266151000438,0.8750444622745162,-3.785527447064396e-12,-0.006247705281552385,-0.0006266151000436926,-4.44622745160439e-05
n6_t3_s20267026,20267026,6,3,1,B01,pauli_only;projection;oracle,"[[0,3],[4,1],[5,1],[2,0]]","[[1,0,1,0,0,0],[0,1,0,0,1,1],[0,0,1,0,0,0],[1,0,0,1,0,0],[0,0,0,0,1,0],[0,0,0,0,0,1]]",2,26.900000000000002,0.12482042470708012,0.12482042470707984,0.12482042470707984,0.0,0.0,0.0,0.0,0.8656525344339046,0.8109071168809201,0.5724983302996465,0.5006626087983956,0.009347465566095559,0.06409288311908001,0.30250166970035364,0.3743373912016045
n6_t3_s20267026,20267026,6,3,2,B02,,"[[3,2],[0,4],[0,2],[0,1]]","[[1,0,0,0,0,0],[1,1,0,0,0,0],[1,0,1,1,0,0],[0,0,0,1,0,0],[1,0,0,0,1,0],[0,0,0,0,0,1]]",2,20.4,2.328377681718806e-05,2.3283776817187833e-05,2.3283776817187833e-05,0.0,0.0,0.0,0.0,0.8748449756054959,0.8663563900091377,0.6246009667867619,0.501517042568162,0.00015502439450421068,0.008643609990862444,0.2503990332132382,0.3734829574318381
n6_t3_s20267026,20267026,6,3,3,B03,,"[[4,2],[1,2],[1,2],[4,1]]","[[1,0,0,0,0,0],[0,1,0,0,1,0],[0,0,1,0,1,0],[0,0,0,1,0,0],[0,0,0,0,1,0],[0,0,0,0,0,1]]",1,11.6,2.056801870618638e-05,2.056801870618632e-05,2.056801870618632e-05,0.0,0.0,0.0,0.0,0.8749740426664094,0.8752828681297553,0.7936294678748903,0.7503489212700621,2.595733359067598e-05,-0.00028286812975519826,0.0813705321251098,0.12465107872993797
n6_t3_s20267026,20267026,6,3,4,B04,,"[[5,3],[3,4],[3,4],[3,5]]","[[1,0,0,0,0,0],[0,1,0,0,0,0],[0,0,1,0,0,0],[0,0,0,1,0,1],[0,0,0,0,1,0],[0,0,0,1,0,0]]",0,15.600000000000001,7.970974619719305e-25,1.773600154842119e-24,3.0947757327326565e-28,0.0,0.0,0.0,0.0,0.8750000000032063,0.8806888584893209,0.875733801964147,0.8750440250230233,-3.2062130728149896e-12,-0.005688858489320769,-0.0007338019641468518,-4.402502302314204e-05
n6_t3_s20267026,20267026,6,3,5,B05,random,"[[4,2],[4,5],[3,2],[0,4]]","[[1,0,0,0,0,0],[0,1,0,0,0,0],[0,0,1,1,1,0],[0,0,0,1,0,0],[1,0,0,0,1,0],[0,0,0,0,1,1]]",2,24.3,4.01263115317823e-05,4.012631153178233e-05,4.012631153178233e-05,0.0,0.0,0.0,0.0,0.8749751789321909,0.8720815380199436,0.7572012620713934,0.5071917381838209,2.4821067809210895e-05,0.0029184619800565192,0.11779873792860673,0.3678082618161792
n6_t3_s20267026,20267026,6,3,6,B06,osr_only,"[[5,0],[0,3],[4,0],[3,4]]","[[1,0,0,0,1,1],[0,1,0,0,0,0],[0,0,1,0,0,0],[1,0,0,1,0,1],[1,0,0,1,1,1],[0,0,0,0,0,1]]",2,28.200000000000003,0.062471006527513674,0.062471006527513716,0.062471006527513716,0.0,0.0,0.0,0.0,0.8703610393016182,0.8453687633076346,0.7633325482153557,0.7502504754314356,0.004638960698381878,0.02963123669236556,0.11166745178464443,0.12474952456856447
n6_t3_s20267026,20267026,6,3,7,B07,,"[[5,2],[3,4],[5,3],[0,1]]","[[1,0,0,0,0,0],[1,1,0,0,0,0],[0,0,1,0,0,1],[0,0,0,1,0,1],[0,0,0,1,1,0],[0,0,0,0,0,1]]",1,24.3,1.320266020505012e-05,1.3202660205050253e-05,1.3202660205050253e-05,0.0,0.0,0.0,0.0,0.8749931234674381,0.8742734498853942,0.7831533316170846,0.7503163488442285,6.876532562039017e-06,0.0007265501146058728,0.09184666838291555,0.12468365115577162
n6_t3_s20267026,20267026,6,3,8,B08,,"[[0,1],[3,4],[2,0],[5,4]]","[[1,0,1,0,0,0],[1,1,0,0,0,0],[0,0,1,0,0,0],[0,0,0,1,0,0],[0,0,0,1,1,1],[0,0,0,0,0,1]]",0,25.6,8.542527431516325e-25,2.188626233100767e-24,4.1533555583192125e-25,0.0,0.0,0.0,0.0,0.8750000000026095,0.8798376732800428,0.8754938919687536,0.8750230764079981,-2.6093571747765054e-12,-0.004837673280042698,-0.0004938919687534904,-2.307640799803501e-05
n6_t3_s20267026,20267026,6,3,9,B09,,"[[0,5],[3,1],[0,5],[2,1]]","[[1,0,0,0,0,0],[0,1,1,1,0,0],[0,0,1,0,0,0],[0,0,0,1,0,0],[0,0,0,0,1,0],[0,0,0,0,0,1]]",1,11.5,5.390942945107903e-05,5.39094294510787e-05,5.39094294510787e-05,0.0,0.0,0.0,0.0,0.8749092361869144,0.8739912265475797,0.7933937073223457,0.7517970267346704,9.076381308570358e-05,0.0010087734524204528,0.0816062926776544,0.1232029732653297
n6_t3_s20267026,20267026,6,3,10,B10,,"[[0,4],[5,4],[1,2],[4,1]]","[[1,0,0,0,0,0],[1,1,0,0,1,1],[0,1,1,0,0,0],[0,0,0,1,0,0],[1,0,0,0,1,1],[0,0,0,0,0,1]]",2,25.700000000000003,7.411952154807655e-05,7.411952154807673e-05,7.411952154807673e-05,0.0,0.0,0.0,0.0,0.8748831000236239,0.8712819166813783,0.768503945621239,0.7512199112446987,0.00011689997637620575,0.0037180833186217788,0.10649605437876108,0.12378008875530144
n6_t3_s20267026,20267026,6,3,11,B11,,"[[4,0],[2,5],[2,4],[2,5]]","[[1,0,0,0,1,0],[0,1,0,0,0,0],[0,0,1,0,0,0],[0,0,0,1,0,0],[0,0,1,0,1,0],[0,0,0,0,0,1]]",2,15.5,5.358466459927787e-05,5.358466459927868e-05,5.358466459927868e-05,0.0,0.0,0.0,0.0,0.8749813095157672,0.8742516819091345,0.801696239123356,0.7518605159558052,1.8690484232863902e-05,0.0007483180908656184,0.07330376087664414,0.12313948404419495
n6_t3_s20267026,20267026,6,3,12,B12,,"[[1,2],[0,2],[4,0],[0,1]]","[[1,0,0,0,1,0],[1,1,0,0,1,0],[1,1,1,0,0,0],[0,0,0,1,0,0],[0,0,0,0,1,0],[0,0,0,0,0,1]]",1,25.6,3.316175738737579e-08,3.316175738737158e-08,3.316175738737158e-08,0.0,0.0,0.0,0.0,0.8750722603718011,0.8769756500958109,0.8485930680650811,0.7506715384783338,-7.226037180096956e-05,-0.001975650095810799,0.026406931934919053,0.12432846152166632
n6_t3_s20267027,20267027,6,3,0,identity,identity,"[[0,1],[0,1],[0,1],[0,1]]","[[1,0,0,0,0,0],[0,1,0,0,0,0],[0,0,1,0,0,0],[0,0,0,1,0,0],[0,0,0,0,1,0],[0,0,0,0,0,1]]",0,0.0,1.419543980218811e-25,1.0307324381176583e-23,4.650921213903831e-28,0.0,0.0,0.0,0.0,0.8750000000006755,0.8804664303936983,0.8756877170801164,0.8750441282297756,-6.754596881819452e-13,-0.005466430393698318,-0.0006877170801163901,-4.412822977561959e-05
n6_t3_s20267027,20267027,6,3,1,B01,random,"[[2,1],[0,1],[2,1],[2,0]]","[[1,0,1,0,0,0],[1,1,0,0,0,0],[0,0,1,0,0,0],[0,0,0,1,0,0],[0,0,0,0,1,0],[0,0,0,0,0,1]]",0,15.5,5.7014462650931935e-24,1.03073180918383e-23,4.5880278310681215e-28,0.0,0.0,0.0,0.0,0.8750000000012985,0.8799743639144493,0.8757629484983375,0.8750321836583532,-1.298516849601583e-12,-0.004974363914449276,-0.0007629484983374679,-3.218365835322423e-05
n6_t3_s20267027,20267027,6,3,2,B02,osr_only;oracle,"[[2,3],[3,0],[5,3],[0,1]]","[[1,0,1,1,0,0],[1,1,1,1,0,0],[0,0,1,0,0,0],[0,0,1,1,0,1],[0,0,0,0,1,0],[0,0,0,0,0,1]]",2,29.8,0.062454675567451864,0.06245467556745182,0.06245467556745182,0.0,0.0,0.0,0.0,0.8700286869399172,0.8434139717481342,0.6313249709591843,0.501228316038881,0.004971313060082805,0.03158602825186585,0.24367502904081573,0.37377168396111904
n6_t3_s20267027,20267027,6,3,3,B03,pauli_only;projection,"[[0,3],[5,2],[5,3],[4,2]]","[[1,0,0,0,0,0],[0,1,0,0,0,0],[0,0,1,0,1,1],[1,0,0,1,0,1],[0,0,0,0,1,0],[0,0,0,0,0,1]]",2,23.2,0.06261821154484479,0.0626182115448447,0.0626182115448447,0.0,0.0,0.0,0.0,0.8699316165991964,0.8406870692172967,0.6393612492588123,0.5016489636461773,0.005068383400803622,0.034312930782703255,0.23563875074118767,0.3733510363538227
n6_t3_s20267027,20267027,6,3,4,B04,,"[[3,5],[0,1],[2,4],[3,2]]","[[1,0,0,0,0,0],[1,1,0,0,0,0],[0,0,1,1,0,0],[0,0,0,1,0,0],[0,0,1,0,1,0],[0,0,0,1,0,1]]",2,27.200000000000003,4.2463919243968075e-06,4.246391924396721e-06,4.246391924396721e-06,0.0,0.0,0.0,0.0,0.8750826762019808,0.8776868939761733,0.8198141359922494,0.7509813555289974,-8.267620198076919e-05,-0.002686893976173277,0.05518586400775061,0.12401864447100264
n6_t3_s20267027,20267027,6,3,5,B05,,"[[0,5],[2,3],[2,3],[4,1]]","[[1,0,0,0,0,0],[0,1,0,0,1,0],[0,0,1,0,0,0],[0,0,0,1,0,0],[0,0,0,0,1,0],[1,0,0,0,0,1]]",2,15.5,0.06257055630888327,0.06257055630888315,0.06257055630888315,0.0,0.0,0.0,0.0,0.8703890177262034,0.8438267977963112,0.611504479833767,0.5015430590897775,0.004610982273796638,0.0311732022036888,0.263495520166233,0.3734569409102225
n6_t3_s20267027,20267027,6,3,6,B06,,"[[0,2],[5,4],[3,4],[3,1]]","[[1,0,0,0,0,0],[0,1,0,1,0,0],[1,0,1,0,0,0],[0,0,0,1,0,0],[0,0,0,1,1,1],[0,0,0,0,0,1]]",1,24.5,4.169570054156707e-06,4.1695700541566095e-06,4.1695700541566095e-06,0.0,0.0,0.0,0.0,0.8750339578818521,0.8765925396803318,0.7994002625860073,0.750563496432497,-3.395788185212023e-05,-0.0015925396803317948,0.07559973741399273,0.12443650356750302
n6_t3_s20267027,20267027,6,3,7,B07,,"[[4,3],[0,5],[1,0],[3,0]]","[[1,1,0,1,1,0],[0,1,0,0,0,0],[0,0,1,0,0,0],[0,0,0,1,1,0],[0,0,0,0,1,0],[1,0,0,0,0,1]]",2,25.8,0.00012541669359417758,0.00012541669359417756,0.00012541669359417756,0.0,0.0,0.0,0.0,0.874866579879315,0.8665805084000048,0.747190533746495,0.5058577428534846,0.00013342012068495723,0.008419491599995221,0.12780946625350498,0.3691422571465154
n6_t3_s20267027,20267027,6,3,8,B08,,"[[4,3],[3,4],[0,1],[0,5]]","[[1,0,0,0,0,0],[1,1,0,0,0,0],[0,0,1,0,0,0],[0,0,0,1,1,0],[0,0,0,1,0,0],[1,0,0,0,0,1]]",1,25.8,1.4735840730952115e-05,1.4735840730951632e-05,1.4735840730951632e-05,0.0,0.0,0.0,0.0,0.8750074717201483,0.8760459759241245,0.816030587859947,0.7512071878383968,-7.4717201482554785e-06,-0.001045975924124476,0.058969412140053024,0.1237928121616032
n6_t3_s20267027,20267027,6,3,9,B09,,"[[3,0],[4,2],[4,2],[1,3]]","[[1,0,0,1,0,0],[0,1,0,0,0,0],[0,0,1,0,0,0],[0,1,0,1,0,0],[0,0,0,0,1,0],[0,0,0,0,0,1]]",2,15.4,0.06237746294065702,0.06237746294065705,0.06237746294065705,0.0,0.0,0.0,0.0,0.8701445887213123,0.8471291214045786,0.7647116930213155,0.750166737648826,0.004855411278687716,0.027870878595421367,0.11028830697868452,0.12483326235117398
n6_t3_s20267027,20267027,6,3,10,B10,,"[[0,3],[0,4],[2,3],[4,3]]","[[1,0,0,0,0,0],[0,1,0,0,0,0],[0,0,1,0,0,0],[0,0,1,1,1,0],[1,0,0,0,1,0],[0,0,0,0,0,1]]",2,19.400000000000002,0.00012701847353136235,0.00012701847353136208,0.00012701847353136208,0.0,0.0,0.0,0.0,0.8748125572139542,0.871705275158492,0.7493650875379676,0.5143223369551904,0.00018744278604576614,0.0032947248415079455,0.1256349124620324,0.36067766304480964
n6_t3_s20267027,20267027,6,3,11,B11,,"[[0,1],[4,5],[0,5],[4,3]]","[[1,0,0,0,0,0],[1,1,0,0,0,0],[0,0,1,0,0,0],[0,0,0,1,1,0],[0,0,0,0,1,0],[1,0,0,0,1,1]]",1,23.2,1.4735840730951884e-05,1.4735840730951598e-05,1.4735840730951598e-05,0.0,0.0,0.0,0.0,0.8750074677395606,0.8756677177433718,0.8025655341936027,0.7506951800775754,-7.467739560618192e-06,-0.0006677177433718207,0.07243446580639734,0.12430481992242459
n6_t3_s20267027,20267027,6,3,12,B12,,"[[1,4],[4,2],[4,1],[3,5]]","[[1,0,0,0,0,0],[0,0,0,0,1,0],[0,1,1,0,1,0],[0,0,0,1,0,0],[0,1,0,0,1,0],[0,0,0,1,0,1]]",2,27.200000000000003,0.062466818293471796,0.06246681829347181,0.06246681829347181,0.0,0.0,0.0,0.0,0.8705503314062024,0.8498201247689587,0.7782132022601987,0.7507314593056676,0.004449668593797584,0.02517987523104126,0.09678679773980126,0.12426854069433235
n8_t4_s20269123,20269123,8,4,0,identity,identity,"[[0,1],[0,1],[0,1],[0,1]]","[[1,0,0,0,0,0,0,0],[0,1,0,0,0,0,0,0],[0,0,1,0,0,0,0,0],[0,0,0,1,0,0,0,0],[0,0,0,0,1,0,0,0],[0,0,0,0,0,1,0,0],[0,0,0,0,0,0,1,0],[0,0,0,0,0,0,0,1]]",0,0.0,1.5828785425329541e-24,2.7250662659058955e-22,0.0,0.0,0.0,0.0,0.0,0.9375000000014443,0.9403593655076148,0.9379155242567371,0.9375168976591358,-1.4442891327348661e-12,-0.002859365507614786,-0.0004155242567370765,-1.68976591358172e-05
n8_t4_s20269123,20269123,8,4,1,B01,,"[[5,2],[0,3],[0,7],[0,5]]","[[1,0,0,0,0,0,0,0],[0,1,0,0,0,0,0,0],[0,0,1,0,0,1,0,0],[1,0,0,1,0,0,0,0],[0,0,0,0,1,0,0,0],[1,0,0,0,0,1,0,0],[0,0,0,0,0,0,1,0],[1,0,0,0,0,0,0,1]]",2,22.4,8.043644918965332e-06,8.043644918965293e-06,8.043644918965293e-06,0.0,0.0,0.0,0.0,0.9375046007476431,0.9365422936742717,0.8896040712508184,0.7629939767249438,-4.600747643079828e-06,0.0009577063257283358,0.04789592874918158,0.17450602327505615
n8_t4_s20269123,20269123,8,4,2,B02,,"[[5,7],[6,2],[4,1],[4,3]]","[[1,0,0,0,0,0,0,0],[0,1,0,0,1,0,0,0],[0,0,1,0,0,0,1,0],[0,0,0,1,1,0,0,0],[0,0,0,0,1,0,0,0],[0,0,0,0,0,1,0,0],[0,0,0,0,0,0,1,0],[0,0,0,0,0,1,0,1]]",2,27.999999999999996,0.015577127806037885,0.015577127806037885,0.015577127806037885,0.0,0.0,0.0,0.0,0.9350552654138335,0.9251980289364182,0.8890247384078909,0.87535156419073,0.0024447345861664527,0.012301971063581774,0.04847526159210913,0.062148435809269986
n8_t4_s20269123,20269123,8,4,3,B03,random;pauli_only,"[[7,5],[2,0],[4,0],[7,2]]","[[1,0,1,0,1,0,0,0],[0,1,0,0,0,0,0,0],[0,0,1,0,0,0,0,1],[0,0,0,1,0,0,0,0],[0,0,0,0,1,0,0,0],[0,0,0,0,0,1,0,1],[0,0,0,0,0,0,1,0],[0,0,0,0,0,0,0,1]]",2,25.2,0.015589925474550553,0.015589925474550532,0.015589925474550532,0.0,0.0,0.0,0.0,0.9351659094937121,0.9253503373959777,0.8892408215315637,0.8753512747748057,0.002334090506287856,0.012149662604022282,0.0482591784684363,0.06214872522519432
n8_t4_s20269123,20269123,8,4,4,B04,oracle,"[[3,2],[2,6],[2,4],[3,7]]","[[1,0,0,0,0,0,0,0],[0,1,0,0,0,0,0,0],[0,0,1,1,0,0,0,0],[0,0,0,1,0,0,0,0],[0,0,1,1,1,0,0,0],[0,0,0,0,0,1,0,0],[0,0,1,1,0,0,1,0],[0,0,0,1,0,0,0,1]]",2,26.599999999999998,4.858054331431441e-07,4.858054331431026e-07,4.858054331431023e-07,0.0,0.0,0.0,0.0,0.9375213848467528,0.9397065456353026,0.8969213740730452,0.7518518525830669,-2.1384846752847686e-05,-0.002206545635302648,0.040578625926954826,0.18564814741693314
n8_t4_s20269123,20269123,8,4,5,B05,,"[[7,6],[2,3],[7,0],[5,0]]","[[1,0,0,0,0,1,0,1],[0,1,0,0,0,0,0,0],[0,0,1,0,0,0,0,0],[0,0,1,1,0,0,0,0],[0,0,0,0,1,0,0,0],[0,0,0,0,0,1,0,0],[0,0,0,0,0,0,1,1],[0,0,0,0,0,0,0,1]]",1,22.4,3.740130306716094e-07,3.740130306716092e-07,3.7401303067160896e-07,0.0,0.0,0.0,0.0,0.9375252356425399,0.9387240170870687,0.9213391628624906,0.8757617721608343,-2.5235642539866987e-05,-0.0012240170870686518,0.016160837137509376,0.061738227839165716
n8_t4_s20269123,20269123,8,4,6,B06,,"[[0,5],[6,0],[3,2],[3,4]]","[[1,0,0,0,0,0,1,0],[0,1,0,0,0,0,0,0],[0,0,1,1,0,0,0,0],[0,0,0,1,0,0,0,0],[0,0,0,1,1,0,0,0],[1,0,0,0,0,1,0,0],[0,0,0,0,0,0,1,0],[0,0,0,0,0,0,0,1]]",3,27.999999999999996,6.499416136564147e-07,6.499416136564237e-07,6.499416136564234e-07,0.0,0.0,0.0,0.0,0.9375532043367423,0.9387696574482983,0.9015701044825393,0.8753867324133153,-5.3204336742274094e-05,-0.0012696574482983225,0.03592989551746073,0.06211326758668467
n8_t4_s20269123,20269123,8,4,7,B07,,"[[5,0],[7,4],[0,2],[2,5]]","[[1,0,0,0,0,1,0,0],[0,1,0,0,0,0,0,0],[1,0,1,0,0,1,0,0],[0,0,0,1,0,0,0,0],[0,0,0,0,1,0,0,1],[1,0,1,0,0,0,0,0],[0,0,0,0,0,0,1,0],[0,0,0,0,0,0,0,1]]",2,33.599999999999994,3.949498881983484e-07,3.949498881983438e-07,3.9494988819834355e-07,0.0,0.0,0.0,0.0,0.9375605339791571,0.9397638572694784,0.9021497559805869,0.8753188813876072,-6.053397915706249e-05,-0.00226385726947842,0.03535024401941311,0.06218111861239284
n8_t4_s20269123,20269123,8,4,8,B08,,"[[3,7],[3,4],[2,0],[5,6]]","[[1,0,1,0,0,0,0,0],[0,1,0,0,0,0,0,0],[0,0,1,0,0,0,0,0],[0,0,0,1,0,0,0,0],[0,0,0,1,1,0,0,0],[0,0,0,0,0,1,0,0],[0,0,0,0,0,1,1,0],[0,0,0,1,0,0,0,1]]",1,27.999999999999996,6.433200988591754e-22,1.1817190277027721e-21,9.092117633337229e-22,0.0,0.0,0.0,0.0,0.9375000000412383,0.9407183501471872,0.9309706738107655,0.8754297724642792,-4.123834607128174e-11,-0.003218350147187188,0.006529326189234519,0.06207022753572078
n8_t4_s20269123,20269123,8,4,9,B09,projection,"[[7,0],[2,7],[4,0],[7,0]]","[[1,0,1,0,1,0,0,0],[0,1,0,0,0,0,0,0],[0,0,1,0,0,0,0,0],[0,0,0,1,0,0,0,0],[0,0,0,0,1,0,0,0],[0,0,0,0,0,1,0,0],[0,0,0,0,0,0,1,0],[0,0,1,0,0,0,0,1]]",2,18.2,0.015589925474550518,0.015589925474550542,0.015589925474550542,0.0,0.0,0.0,0.0,0.935165909488753,0.9255218763302527,0.8892346757704049,0.8753563952618889,0.002334090511247,0.011978123669747265,0.048265324229595064,0.06214360473811109
n8_t4_s20269123,20269123,8,4,10,B10,,"[[1,0],[4,5],[7,1],[3,7]]","[[1,1,0,0,0,0,0,0],[0,1,0,0,0,0,0,1],[0,0,1,0,0,0,0,0],[0,0,0,1,0,0,0,0],[0,0,0,0,1,0,0,0],[0,0,0,0,1,1,0,0],[0,0,0,0,0,0,1,0],[0,0,0,1,0,0,0,1]]",2,37.8,9.93185836562661e-22,1.4830207172030982e-21,1.210513452834049e-21,0.0,0.0,0.0,0.0,0.9375000000602384,0.939204933629781,0.9175393305192615,0.8751580153326046,-6.023836984780928e-11,-0.0017049336297809692,0.01996066948073849,0.06234198466739538
n8_t4_s20269123,20269123,8,4,11,B11,,"[[3,4],[1,7],[0,6],[3,0]]","[[1,0,0,1,0,0,0,0],[0,1,0,0,0,0,0,0],[0,0,1,0,0,0,0,0],[0,0,0,1,0,0,0,0],[0,0,0,1,1,0,0,0],[0,0,0,0,0,1,0,0],[1,0,0,0,0,0,1,0],[0,1,0,0,0,0,0,1]]",3,30.799999999999997,4.263201270125092e-08,4.263201270124589e-08,4.263201270124562e-08,0.0,0.0,0.0,0.0,0.9375331496710129,0.9389026066373972,0.9209460548737399,0.8757543968681638,-3.314967101286648e-05,-0.001402606637397219,0.016553945126260072,0.06174560313183619
n8_t4_s20269123,20269123,8,4,12,B12,osr_only,"[[0,5],[1,7],[2,6],[3,0]]","[[1,0,0,1,0,0,0,0],[0,1,0,0,0,0,0,0],[0,0,1,0,0,0,0,0],[0,0,0,1,0,0,0,0],[0,0,0,0,1,0,0,0],[1,0,0,0,0,1,0,0],[0,0,1,0,0,0,1,0],[0,1,0,0,0,0,0,1]]",3,40.599999999999994,0.015577501819068562,0.015577501819068544,0.015577501819068544,0.0,0.0,0.0,0.0,0.935082181377169,0.9242538642723592,0.8855490766843348,0.7703304679297084,0.0024178186228309695,0.013246135727640773,0.0519509233156652,0.16716953207029162
n8_t4_s20269124,20269124,8,4,0,identity,identity,"[[0,1],[0,1],[0,1],[0,1]]","[[1,0,0,0,0,0,0,0],[0,1,0,0,0,0,0,0],[0,0,1,0,0,0,0,0],[0,0,0,1,0,0,0,0],[0,0,0,0,1,0,0,0],[0,0,0,0,0,1,0,0],[0,0,0,0,0,0,1,0],[0,0,0,0,0,0,0,1]]",0,0.0,4.0262961562729077e-16,3.102237349772522e-11,0.0,0.0,0.0,0.0,0.0,0.9376074675287475,0.941491723678291,0.9378742525553815,0.9375155132719433,-0.0001074673420845551,-0.00399172349162813,-0.00037425236871857503,-1.5513085280360883e-05
n8_t4_s20269124,20269124,8,4,1,B01,random,"[[1,2],[3,2],[6,3],[2,5]]","[[1,0,0,0,0,0,0,0],[0,1,0,0,0,0,0,0],[0,1,1,1,0,0,0,0],[0,0,0,1,0,0,1,0],[0,0,0,0,1,0,0,0],[0,1,1,1,0,1,0,0],[0,0,0,0,0,0,1,0],[0,0,0,0,0,0,0,1]]",2,27.999999999999996,1.8981431469884255e-06,1.8981741685529374e-06,1.898143146179387e-06,0.0,0.0,0.0,0.0,0.9376262972168987,0.9383505890598868,0.890371785579098,0.7805461227483929,-0.0001262970302358113,-0.0008505888732238676,0.04712821460756489,0.15695387743827005
n8_t4_s20269124,20269124,8,4,2,B02,,"[[0,1],[6,0],[0,7],[3,4]]","[[1,0,0,0,0,0,1,0],[1,1,0,0,0,0,0,0],[0,0,1,0,0,0,0,0],[0,0,0,1,0,0,0,0],[0,0,0,1,1,0,0,0],[0,0,0,0,0,1,0,0],[0,0,0,0,0,0,1,0],[1,0,0,0,0,0,1,1]]",3,25.199999999999996,7.238237229271973e-06,7.238268251321431e-06,7.238237228947881e-06,0.0,0.0,0.0,0.0,0.9376718184857475,0.9402470357881795,0.9021008606041079,0.8757074158173512,-0.0001718182990846362,-0.0027470356015165676,0.03539913958255503,0.061792584369311676
n8_t4_s20269124,20269124,8,4,3,B03,,"[[5,6],[5,6],[4,0],[3,0]]","[[1,0,0,1,1,0,0,0],[0,1,0,0,0,0,0,0],[0,0,1,0,0,0,0,0],[0,0,0,1,0,0,0,0],[0,0,0,0,1,0,0,0],[0,0,0,0,0,1,0,0],[0,0,0,0,0,0,1,0],[0,0,0,0,0,0,0,1]]",1,14.0,0.015603728570682106,0.015603728601704189,0.015603728570681815,0.0,0.0,0.0,0.0,0.9352843773400815,0.9274035877494673,0.8894216094391693,0.8753520091354076,0.0022156228465813887,0.010096412437195612,0.04807839074749365,0.06214799105125535
n8_t4_s20269124,20269124,8,4,4,B04,,"[[2,0],[1,6],[6,1],[6,5]]","[[1,0,1,0,0,0,0,0],[0,0,0,0,0,0,1,0],[0,0,1,0,0,0,0,0],[0,0,0,1,0,0,0,0],[0,0,0,0,1,0,0,0],[0,1,0,0,0,1,1,0],[0,1,0,0,0,0,1,0],[0,0,0,0,0,0,0,1]]",2,25.199999999999996,0.01559771412851631,0.015597714159538393,0.01559771412851602,0.0,0.0,0.0,0.0,0.9349041778768887,0.925109454367273,0.8826095648229162,0.8754134890292151,0.002595822309774176,0.01239054581938992,0.054890435363746715,0.06208651115744779
n8_t4_s20269124,20269124,8,4,5,B05,,"[[2,3],[0,2],[6,4],[6,4]]","[[1,0,0,0,0,0,0,0],[0,1,0,0,0,0,0,0],[1,0,1,0,0,0,0,0],[0,0,1,1,0,0,0,0],[0,0,0,0,1,0,0,0],[0,0,0,0,0,1,0,0],[0,0,0,0,0,0,1,0],[0,0,0,0,0,0,0,1]]",0,12.6,2.5713642685277246e-12,3.359339206153639e-11,2.571018511144579e-12,0.0,0.0,0.0,0.0,0.9376497926960479,0.9413182949057639,0.9378866898125032,0.9375188939960699,-0.00014979250938496058,-0.003818294719101001,-0.00038668962584031963,-1.889380940700569e-05
n8_t4_s20269124,20269124,8,4,6,B06,,"[[1,0],[3,2],[0,2],[6,2]]","[[1,1,0,0,0,0,0,0],[0,1,0,0,0,0,0,0],[1,1,1,1,0,0,1,0],[0,0,0,1,0,0,0,0],[0,0,0,0,1,0,0,0],[0,0,0,0,0,1,0,0],[0,0,0,0,0,0,1,0],[0,0,0,0,0,0,0,1]]",1,19.599999999999998,0.015603573399516128,0.015603573430537348,0.015603573399514974,0.0,0.0,0.0,0.0,0.9352999147684053,0.9264599535226561,0.8894555651832913,0.8753389954050689,0.002200085418257558,0.01104004666400682,0.04804443500337163,0.06216100478159403
n8_t4_s20269124,20269124,8,4,7,B07,osr_only,"[[2,0],[0,6],[5,3],[4,1]]","[[1,0,1,0,0,0,0,0],[0,1,0,0,1,0,0,0],[0,0,1,0,0,0,0,0],[0,0,0,1,0,1,0,0],[0,0,0,0,1,0,0,0],[0,0,0,0,0,1,0,0],[1,0,1,0,0,0,1,0],[0,0,0,0,0,0,0,1]]",3,32.199999999999996,5.668172245031718e-06,5.668203267156646e-06,5.668172244783096e-06,0.0,0.0,0.0,0.0,0.9376338647907176,0.9393690202242532,0.8730854323162883,0.7788028365973012,-0.00013386460405473422,-0.0018690200375902633,0.06441456787037458,0.1586971635893617
n8_t4_s20269124,20269124,8,4,8,B08,pauli_only;projection;oracle,"[[6,5],[0,4],[1,5],[5,7]]","[[1,0,0,0,0,0,0,0],[0,1,0,0,0,0,0,0],[0,0,1,0,0,0,0,0],[0,0,0,1,0,0,0,0],[1,0,0,0,1,0,0,0],[0,1,0,0,0,1,1,0],[0,0,0,0,0,0,1,0],[0,1,0,0,0,1,1,1]]",2,32.199999999999996,0.03119969264949039,0.031199692680165637,0.031199692649143265,0.0,0.0,0.0,0.0,0.9325651426649095,0.908678275952925,0.7978802263121362,0.7504857494081998,0.0049348575217533774,0.028821724233737855,0.13961977387452673,0.18701425077846312
n8_t4_s20269124,20269124,8,4,9,B09,,"[[4,6],[6,0],[3,0],[1,2]]","[[1,0,0,1,1,0,1,0],[0,1,0,0,0,0,0,0],[0,1,1,0,0,0,0,0],[0,0,0,1,0,0,0,0],[0,0,0,0,1,0,0,0],[0,0,0,0,0,1,0,0],[0,0,0,0,1,0,1,0],[0,0,0,0,0,0,0,1]]",1,30.799999999999997,2.077091747941399e-06,2.077138364295035e-06,2.0771073419214844e-06,0.0,0.0,0.0,0.0,0.937672865594222,0.9411668429899864,0.9037400254284131,0.8754487245668893,-0.0001728654075591196,-0.0036668428033235223,0.03375997475824977,0.06205127561977364
n8_t4_s20269124,20269124,8,4,10,B10,,"[[2,6],[0,1],[2,3],[0,2]]","[[1,0,0,0,0,0,0,0],[1,1,0,0,0,0,0,0],[1,0,1,0,0,0,0,0],[0,0,1,1,0,0,0,0],[0,0,0,0,1,0,0,0],[0,0,0,0,0,1,0,0],[0,0,1,0,0,0,1,0],[0,0,0,0,0,0,0,1]]",1,22.4,3.0479764956971514e-09,3.0789985235227764e-09,3.0479761499723846e-09,0.0,0.0,0.0,0.0,0.9377152926736001,0.9411396365703509,0.9249473592282162,0.8764971837460899,-0.00021529248693719083,-0.0036396363836880274,0.01255264095844666,0.06100281644057304
n8_t4_s20269124,20269124,8,4,11,B11,,"[[6,7],[4,6],[5,7],[7,5]]","[[1,0,0,0,0,0,0,0],[0,1,0,0,0,0,0,0],[0,0,1,0,0,0,0,0],[0,0,0,1,0,0,0,0],[0,0,0,0,1,0,0,0],[0,0,0,0,0,0,1,1],[0,0,0,0,1,0,1,0],[0,0,0,0,0,1,1,1]]",0,27.999999999999996,2.678162671177349e-12,4.054476569584166e-11,9.522392145449844e-12,0.0,0.0,0.0,0.0,0.937688111796355,0.9410747454591303,0.9378519438780086,0.9375285140544859,-0.00018811160969212093,-0.0035747452724673723,-0.0003519436913457241,-2.8513867822987926e-05
n8_t4_s20269124,20269124,8,4,12,B12,,"[[4,5],[4,0],[7,0],[7,5]]","[[1,0,0,0,1,0,0,1],[0,1,0,0,0,0,0,0],[0,0,1,0,0,0,0,0],[0,0,0,1,0,0,0,0],[0,0,0,0,1,0,0,0],[0,0,0,0,1,1,0,1],[0,0,0,0,0,0,1,0],[0,0,0,0,0,0,0,1]]",1,21.0,3.835774198901175e-07,3.8360844202935164e-07,3.8357741965580124e-07,0.0,0.0,0.0,0.0,0.9376040417971633,0.9402458233247815,0.8970675103451868,0.8752817603679737,-0.00010404161050037164,-0.0027458231381185527,0.04043248984147607,0.062218239818689236
n8_t4_s20269125,20269125,8,4,0,identity,identity,"[[0,1],[0,1],[0,1],[0,1]]","[[1,0,0,0,0,0,0,0],[0,1,0,0,0,0,0,0],[0,0,1,0,0,0,0,0],[0,0,0,1,0,0,0,0],[0,0,0,0,1,0,0,0],[0,0,0,0,0,1,0,0],[0,0,0,0,0,0,1,0],[0,0,0,0,0,0,0,1]]",0,0.0,1.4550477091787052e-25,4.086572658956587e-23,2.225845437151255e-27,0.0,0.0,0.0,0.0,0.9375000000002452,0.9389897164766838,0.937720030381338,0.9375143465526994,-2.452482661396971e-13,-0.0014897164766838333,-0.0002200303813379989,-1.4346552699384674e-05
n8_t4_s20269125,20269125,8,4,1,B01,,"[[0,2],[0,3],[4,6],[1,4]]","[[1,0,0,0,0,0,0,0],[0,1,0,0,0,0,0,0],[1,0,1,0,0,0,0,0],[1,0,0,1,0,0,0,0],[0,1,0,0,1,0,0,0],[0,0,0,0,0,1,0,0],[0,0,0,0,1,0,1,0],[0,0,0,0,0,0,0,1]]",1,25.199999999999996,3.205872985742783e-06,3.2058729857427334e-06,3.2058729857427334e-06,0.0,0.0,0.0,0.0,0.9374944750647392,0.9393698798869836,0.9149487590579387,0.8760061450631175,5.524935260847741e-06,-0.0018698798869836164,0.02255124094206129,0.06149385493688253
n8_t4_s20269125,20269125,8,4,2,B02,,"[[5,1],[3,0],[5,1],[5,1]]","[[1,0,0,1,0,0,0,0],[0,1,0,0,0,1,0,0],[0,0,1,0,0,0,0,0],[0,0,0,1,0,0,0,0],[0,0,0,0,1,0,0,0],[0,0,0,0,0,1,0,0],[0,0,0,0,0,0,1,0],[0,0,0,0,0,0,0,1]]",1,18.2,0.015275682160509787,0.01527568216050978,0.01527568216050978,0.0,0.0,0.0,0.0,0.9350969952557446,0.9244824755994033,0.8887992899625333,0.8753376379380867,0.002403004744255366,0.01301752440059667,0.04870071003746668,0.06216236206191328
n8_t4_s20269125,20269125,8,4,3,B03,random;osr_only,"[[1,2],[0,1],[1,7],[5,0]]","[[1,0,0,0,0,1,0,0],[1,1,0,0,0,0,0,0],[0,1,1,0,0,0,0,0],[0,0,0,1,0,0,0,0],[0,0,0,0,1,0,0,0],[0,0,0,0,0,1,0,0],[0,0,0,0,0,0,1,0],[1,1,0,0,0,0,0,1]]",2,29.4,3.7192665558668066e-05,3.719266555866827e-05,3.719266555866827e-05,0.0,0.0,0.0,0.0,0.9373914912584734,0.9346279728504111,0.8838585951412817,0.8157530958273248,0.00010850874152656953,0.002872027149588896,0.05364140485871827,0.1217469041726752
n8_t4_s20269125,20269125,8,4,4,B04,,"[[5,2],[3,5],[7,5],[4,5]]","[[1,0,0,0,0,0,0,0],[0,1,0,0,0,0,0,0],[0,0,1,0,0,1,0,0],[0,0,0,1,0,0,0,0],[0,0,0,0,1,0,0,0],[0,0,0,1,1,1,0,1],[0,0,0,0,0,0,1,0],[0,0,0,0,0,0,0,1]]",2,22.4,0.00010041927695611089,0.00010041927695611051,0.00010041927695611051,0.0,0.0,0.0,0.0,0.9373061452577836,0.9316059738459362,0.8559435847617479,0.7840913791424251,0.00019385474221644827,0.005894026154063758,0.08155641523825208,0.1534086208575749
n8_t4_s20269125,20269125,8,4,5,B05,oracle,"[[3,1],[7,2],[0,5],[4,5]]","[[1,0,0,0,0,0,0,0],[0,1,0,1,0,0,0,0],[0,0,1,0,0,0,0,1],[0,0,0,1,0,0,0,0],[0,0,0,0,1,0,0,0],[1,0,0,0,1,1,0,0],[0,0,0,0,0,0,1,0],[0,0,0,0,0,0,0,1]]",2,27.999999999999996,1.5091387297354223e-05,1.5091387297354223e-05,1.5091387297354223e-05,0.0,0.0,0.0,0.0,0.9374447062198675,0.9347472719897709,0.8585690217667726,0.7531691677670871,5.529378013247044e-05,0.0027527280102290774,0.07893097823322737,0.1843308322329129
n8_t4_s20269125,20269125,8,4,6,B06,,"[[7,4],[1,4],[7,6],[5,7]]","[[1,0,0,0,0,0,0,0],[0,1,0,0,0,0,0,0],[0,0,1,0,0,0,0,0],[0,0,0,1,0,0,0,0],[0,1,0,0,1,0,0,1],[0,0,0,0,0,1,0,0],[0,0,0,0,0,0,1,1],[0,0,0,0,0,1,0,1]]",1,29.4,1.0039865042837825e-05,1.0039865042837817e-05,1.0039865042837817e-05,0.0,0.0,0.0,0.0,0.9374602559371802,0.936980582786113,0.8931567981128881,0.8759084679338771,3.974406281981313e-05,0.0005194172138870412,0.04434320188711194,0.06159153206612289
n8_t4_s20269125,20269125,8,4,7,B07,pauli_only;projection,"[[0,6],[3,7],[4,5],[0,7]]","[[1,0,0,0,0,0,0,0],[0,1,0,0,0,0,0,0],[0,0,1,0,0,0,0,0],[0,0,0,1,0,0,0,0],[0,0,0,0,1,0,0,0],[0,0,0,0,1,1,0,0],[1,0,0,0,0,0,1,0],[1,0,0,1,0,0,0,1]]",2,27.999999999999996,0.01554101301873941,0.015541013018739424,0.015541013018739424,0.0,0.0,0.0,0.0,0.935250528172583,0.9248094980958151,0.8891033399727917,0.7693338433592717,0.002249471827416971,0.012690501904184859,0.04839666002720833,0.16816615664072831
n8_t4_s20269125,20269125,8,4,8,B08,,"[[4,3],[1,4],[4,1],[4,7]]","[[1,0,0,0,0,0,0,0],[0,0,0,0,1,0,0,0],[0,0,1,0,0,0,0,0],[0,0,0,1,1,0,0,0],[0,1,0,0,1,0,0,0],[0,0,0,0,0,1,0,0],[0,0,0,0,0,0,1,0],[0,1,0,0,1,0,0,1]]",2,23.799999999999997,1.843835604958825e-06,1.8438356049587244e-06,1.8438356049587244e-06,0.0,0.0,0.0,0.0,0.9375314067551997,0.9379590742832359,0.9257025136486092,0.8348794314795573,-3.140675519974767e-05,-0.00045907428323588295,0.011797486351390774,0.10262056852044266
n8_t4_s20269125,20269125,8,4,9,B09,,"[[4,0],[4,3],[5,2],[5,0]]","[[1,0,0,0,1,1,0,0],[0,1,0,0,0,0,0,0],[0,0,1,0,0,1,0,0],[0,0,0,1,1,0,0,0],[0,0,0,0,1,0,0,0],[0,0,0,0,0,1,0,0],[0,0,0,0,0,0,1,0],[0,0,0,0,0,0,0,1]]",2,25.2,2.3178600851952764e-05,2.317860085195284e-05,2.317860085195284e-05,0.0,0.0,0.0,0.0,0.937432042358795,0.9371207622981048,0.8835084737545387,0.8023862922769491,6.795764120504089e-05,0.00037923770189518535,0.05399152624546133,0.13511370772305087
n8_t4_s20269125,20269125,8,4,10,B10,,"[[6,0],[5,0],[5,0],[4,3]]","[[1,0,0,0,0,0,1,0],[0,1,0,0,0,0,0,0],[0,0,1,0,0,0,0,0],[0,0,0,1,1,0,0,0],[0,0,0,0,1,0,0,0],[0,0,0,0,0,1,0,0],[0,0,0,0,0,0,1,0],[0,0,0,0,0,0,0,1]]",2,18.2,2.4094136208621256e-05,2.4094136208621036e-05,2.4094136208621036e-05,0.0,0.0,0.0,0.0,0.9374475046110632,0.9365757611445343,0.8907546439511056,0.8180786162208502,5.249538893681294e-05,0.0009242388554656644,0.046745356048894404,0.11942138377914979
n8_t4_s20269125,20269125,8,4,11,B11,,"[[1,4],[3,7],[4,7],[1,2]]","[[1,0,0,0,0,0,0,0],[0,1,0,0,0,0,0,0],[0,1,1,0,0,0,0,0],[0,0,0,1,0,0,0,0],[0,1,0,0,1,0,0,0],[0,0,0,0,0,1,0,0],[0,0,0,0,0,0,1,0],[0,1,0,1,1,0,0,1]]",2,28.0,0.01554066967079851,0.015540669670798493,0.015540669670798493,0.0,0.0,0.0,0.0,0.9352569679373396,0.9244583300907517,0.8886498966882835,0.7626209527860424,0.0022430320626604106,0.013041669909248266,0.048850103311716464,0.17487904721395764
n8_t4_s20269125,20269125,8,4,12,B12,,"[[7,2],[3,5],[0,1],[3,2]]","[[1,0,0,0,0,0,0,0],[1,1,0,0,0,0,0,0],[0,0,1,1,0,0,0,1],[0,0,0,1,0,0,0,0],[0,0,0,0,1,0,0,0],[0,0,0,1,0,1,0,0],[0,0,0,0,0,0,1,0],[0,0,0,0,0,0,0,1]]",2,23.799999999999997,1.5593721557256122e-05,1.5593721557255753e-05,1.5593721557255753e-05,0.0,0.0,0.0,0.0,0.9374472002009185,0.9370070177407395,0.8653686748221376,0.7774737439300407,5.279979908145993e-05,0.0004929822592605326,0.07213132517786236,0.16002625606995935
n8_t4_s20269126,20269126,8,4,0,identity,identity,"[[0,1],[0,1],[0,1],[0,1]]","[[1,0,0,0,0,0,0,0],[0,1,0,0,0,0,0,0],[0,0,1,0,0,0,0,0],[0,0,0,1,0,0,0,0],[0,0,0,0,1,0,0,0],[0,0,0,0,0,1,0,0],[0,0,0,0,0,0,1,0],[0,0,0,0,0,0,0,1]]",0,0.0,5.702552933040137e-25,2.661198382402569e-22,5.249245119320019e-26,0.0,0.0,0.0,0.0,0.9375000000004452,0.9395768694756865,0.9378332727177214,0.937515266877839,-4.4519943287468777e-13,-0.002076869475686527,-0.0003332727177214334,-1.5266877839037463e-05
n8_t4_s20269126,20269126,8,4,1,B01,pauli_only;projection;oracle,"[[4,0],[3,7],[6,2],[7,0]]","[[1,0,0,1,1,0,0,1],[0,1,0,0,0,0,0,0],[0,0,1,0,0,0,1,0],[0,0,0,1,0,0,0,0],[0,0,0,0,1,0,0,0],[0,0,0,0,0,1,0,0],[0,0,0,0,0,0,1,0],[0,0,0,1,0,0,0,1]]",3,30.799999999999997,0.04637489740368139,0.046374897403681344,0.046374897403681344,0.0,0.0,0.0,0.0,0.93014141498223,0.8854280938019675,0.627363257738615,0.5004844915525717,0.007358585017769981,0.05207190619803248,0.310136742261385,0.4370155084474283
n8_t4_s20269126,20269126,8,4,2,B02,,"[[7,6],[3,2],[6,5],[2,0]]","[[1,0,1,1,0,0,0,0],[0,1,0,0,0,0,0,0],[0,0,1,1,0,0,0,0],[0,0,0,1,0,0,0,0],[0,0,0,0,1,0,0,0],[0,0,0,0,0,1,1,1],[0,0,0,0,0,0,1,1],[0,0,0,0,0,0,0,1]]",0,27.999999999999996,5.942390449812327e-23,2.890044533885809e-22,2.2937107599517183e-23,0.0,0.0,0.0,0.0,0.9375000000052189,0.9387103805196967,0.9377641565544769,0.937509454400406,-5.218936394157936e-12,-0.0012103805196966855,-0.0002641565544768687,-9.45440040600598e-06
n8_t4_s20269126,20269126,8,4,3,B03,random,"[[7,1],[0,3],[6,3],[7,6]]","[[1,0,0,0,0,0,0,0],[0,1,0,0,0,0,0,1],[0,0,1,0,0,0,0,0],[1,0,0,1,0,0,1,0],[0,0,0,0,1,0,0,0],[0,0,0,0,0,1,0,0],[0,0,0,0,0,0,1,1],[0,0,0,0,0,0,0,1]]",2,26.599999999999998,1.853375896253414e-05,1.853375896253417e-05,1.853375896253417e-05,0.0,0.0,0.0,0.0,0.9374625222200288,0.9384597738660982,0.8939098424636021,0.8235766593045428,3.7477779971206715e-05,-0.0009597738660982458,0.043590157536397944,0.11392334069545718
n8_t4_s20269126,20269126,8,4,4,B04,,"[[3,2],[7,2],[6,1],[0,3]]","[[1,0,0,0,0,0,0,0],[0,1,0,0,0,0,1,0],[0,0,1,1,0,0,0,1],[1,0,0,1,0,0,0,0],[0,0,0,0,1,0,0,0],[0,0,0,0,0,1,0,0],[0,0,0,0,0,0,1,0],[0,0,0,0,0,0,0,1]]",2,30.799999999999997,2.2305107772137752e-05,2.230510777213752e-05,2.230510777213752e-05,0.0,0.0,0.0,0.0,0.9374197731205658,0.9354270919113689,0.8835696198421253,0.802892776029513,8.02268794342087e-05,0.0020729080886311424,0.05393038015787466,0.13460722397048697
n8_t4_s20269126,20269126,8,4,5,B05,,"[[6,3],[5,7],[1,4],[0,5]]","[[1,0,0,0,0,0,0,0],[0,1,0,0,0,0,0,0],[0,0,1,0,0,0,0,0],[0,0,0,1,0,0,1,0],[0,1,0,0,1,0,0,0],[1,0,0,0,0,1,0,0],[0,0,0,0,0,0,1,0],[0,0,0,0,0,1,0,1]]",3,36.4,4.807835911367801e-05,4.8078359113677905e-05,4.8078359113677905e-05,0.0,0.0,0.0,0.0,0.937325690918598,0.9336354097705625,0.8465992195806804,0.6869271698827618,0.00017430908140203538,0.0038645902294375256,0.0909007804193196,0.2505728301172382
n8_t4_s20269126,20269126,8,4,6,B06,,"[[0,2],[7,2],[4,6],[6,1]]","[[1,0,0,0,0,0,0,0],[0,1,0,0,1,0,1,0],[1,0,1,0,0,0,0,1],[0,0,0,1,0,0,0,0],[0,0,0,0,1,0,0,0],[0,0,0,0,0,1,0,0],[0,0,0,0,1,0,1,0],[0,0,0,0,0,0,0,1]]",2,21.0,2.230510777213771e-05,2.2305107772137874e-05,2.2305107772137874e-05,0.0,0.0,0.0,0.0,0.9374197788697691,0.9365288916749475,0.8898786760413443,0.8101203535391213,8.022113023087307e-05,0.0009711083250525387,0.047621323958655704,0.12737964646087874
n8_t4_s20269126,20269126,8,4,7,B07,,"[[3,7],[3,7],[4,5],[3,0]]","[[1,0,0,1,0,0,0,0],[0,1,0,0,0,0,0,0],[0,0,1,0,0,0,0,0],[0,0,0,1,0,0,0,0],[0,0,0,0,1,0,0,0],[0,0,0,0,1,1,0,0],[0,0,0,0,0,0,1,0],[0,0,0,0,0,0,0,1]]",0,15.399999999999999,1.1242579474436553e-24,2.9253300909730206e-22,2.646566330823836e-23,0.0,0.0,0.0,0.0,0.9375000000004756,0.9394089001521532,0.9376706226143473,0.9375172780432386,-4.756195437494171e-13,-0.00190890015215317,-0.0001706226143473044,-1.7278043238588836e-05
n8_t4_s20269126,20269126,8,4,8,B08,,"[[3,1],[2,6],[5,0],[2,5]]","[[1,0,0,0,0,1,0,0],[0,1,0,1,0,0,0,0],[0,0,1,0,0,0,0,0],[0,0,0,1,0,0,0,0],[0,0,0,0,1,0,0,0],[0,0,1,0,0,1,0,0],[0,0,1,0,0,0,1,0],[0,0,0,0,0,0,0,1]]",2,29.4,5.8116154702698335e-05,5.8116154702697895e-05,5.8116154702697895e-05,0.0,0.0,0.0,0.0,0.9373457670267302,0.9294131099281235,0.812065001012307,0.7528799254175458,0.00015423297326977448,0.008086890071876462,0.12543499898769295,0.18462007458245422
n8_t4_s20269126,20269126,8,4,9,B09,,"[[4,2],[5,4],[4,2],[4,0]]","[[1,0,0,0,1,1,0,0],[0,1,0,0,0,0,0,0],[0,0,1,0,0,1,0,0],[0,0,0,1,0,0,0,0],[0,0,0,0,1,1,0,0],[0,0,0,0,0,1,0,0],[0,0,0,0,0,0,1,0],[0,0,0,0,0,0,0,1]]",2,22.4,0.01546019759772027,0.015460197597720248,0.015460197597720248,0.0,0.0,0.0,0.0,0.9350602871103387,0.9239587892407257,0.8727217403347325,0.7656989314539484,0.002439712889661272,0.01354121075927428,0.06477825966526751,0.1718010685460516
n8_t4_s20269126,20269126,8,4,10,B10,,"[[4,3],[2,6],[6,2],[3,0]]","[[1,0,0,1,1,0,0,0],[0,1,0,0,0,0,0,0],[0,0,0,0,0,0,1,0],[0,0,0,1,1,0,0,0],[0,0,0,0,1,0,0,0],[0,0,0,0,0,1,0,0],[0,0,1,0,0,0,1,0],[0,0,0,0,0,0,0,1]]",3,33.599999999999994,0.015467381107386382,0.015467381107386395,0.015467381107386395,0.0,0.0,0.0,0.0,0.9351625209393538,0.9230843736979987,0.8242080113481606,0.7506749967277849,0.002337479060646186,0.014415626302001328,0.11329198865183943,0.18682500327221507
n8_t4_s20269126,20269126,8,4,11,B11,osr_only,"[[1,6],[2,3],[3,7],[5,0]]","[[1,0,0,0,0,1,0,0],[0,1,0,0,0,0,0,0],[0,0,1,0,0,0,0,0],[0,0,1,1,0,0,0,0],[0,0,0,0,1,0,0,0],[0,0,0,0,0,1,0,0],[0,1,0,0,0,0,1,0],[0,0,1,1,0,0,0,1]]",3,37.8,0.01547621855280667,0.01547621855280667,0.01547621855280667,0.0,0.0,0.0,0.0,0.9350902977960031,0.9221366249259297,0.8103194329279222,0.6574706390186671,0.002409702203996944,0.015363375074070262,0.1271805670720778,0.2800293609813329
n8_t4_s20269126,20269126,8,4,12,B12,,"[[4,7],[2,3],[6,7],[3,2]]","[[1,0,0,0,0,0,0,0],[0,1,0,0,0,0,0,0],[0,0,0,1,0,0,0,0],[0,0,1,1,0,0,0,0],[0,0,0,0,1,0,0,0],[0,0,0,0,0,1,0,0],[0,0,0,0,0,0,1,0],[0,0,0,0,1,0,1,1]]",0,26.599999999999994,4.0547914632869826e-23,2.8901176253121668e-22,2.294441674215298e-23,0.0,0.0,0.0,0.0,0.9375000000042997,0.9392420601433441,0.9377409536855726,0.9375176971901861,-4.299671729768306e-12,-0.001742060143344104,-0.0002409536855726424,-1.7697190186072298e-05
n8_t4_s20269127,20269127,8,4,0,identity,identity,"[[0,1],[0,1],[0,1],[0,1]]","[[1,0,0,0,0,0,0,0],[0,1,0,0,0,0,0,0],[0,0,1,0,0,0,0,0],[0,0,0,1,0,0,0,0],[0,0,0,0,1,0,0,0],[0,0,0,0,0,1,0,0],[0,0,0,0,0,0,1,0],[0,0,0,0,0,0,0,1]]",0,0.0,5.158094643292673e-25,8.159089000217342e-23,5.003161773573644e-29,0.0,0.0,0.0,0.0,0.937500000001201,0.9425300009927402,0.9381412349562499,0.9375368174784577,-1.2009282457370318e-12,-0.005030000992740091,-0.0006412349562497921,-3.681747845762917e-05
n8_t4_s20269127,20269127,8,4,1,B01,,"[[7,4],[7,5],[3,7],[5,7]]","[[1,0,0,0,0,0,0,0],[0,1,0,0,0,0,0,0],[0,0,1,0,0,0,0,0],[0,0,0,1,0,0,0,0],[0,0,0,0,1,0,0,1],[0,0,0,0,0,1,0,1],[0,0,0,0,0,0,1,0],[0,0,0,1,0,1,0,0]]",1,26.599999999999998,2.2483460920959532e-06,2.248346092096044e-06,2.248346092096044e-06,0.0,0.0,0.0,0.0,0.937502591255844,0.9383040422634841,0.9039738400407822,0.8756844503564852,-2.591255843897855e-06,-0.0008040422634839617,0.03352615995921793,0.06181554964351488
n8_t4_s20269127,20269127,8,4,2,B02,,"[[2,0],[1,4],[5,7],[0,4]]","[[1,0,1,0,0,0,0,0],[0,1,0,0,0,0,0,0],[0,0,1,0,0,0,0,0],[0,0,0,1,0,0,0,0],[1,1,1,0,1,0,0,0],[0,0,0,0,0,1,0,0],[0,0,0,0,0,0,1,0],[0,0,0,0,0,1,0,1]]",1,27.999999999999996,0.015549770131392176,0.015549770131392162,0.015549770131392162,0.0,0.0,0.0,0.0,0.9352650119158079,0.9246732391734375,0.8834057864185816,0.8751461609370503,0.002234988084192202,0.012826760826562644,0.05409421358141853,0.06235383906294978
n8_t4_s20269127,20269127,8,4,3,B03,,"[[0,2],[4,2],[5,4],[0,1]]","[[1,0,0,0,0,0,0,0],[1,1,0,0,0,0,0,0],[1,0,1,0,1,0,0,0],[0,0,0,1,0,0,0,0],[0,0,0,0,1,1,0,0],[0,0,0,0,0,1,0,0],[0,0,0,0,0,0,1,0],[0,0,0,0,0,0,0,1]]",1,23.799999999999997,7.831265052019958e-06,7.831265052020112e-06,7.831265052020112e-06,0.0,0.0,0.0,0.0,0.937504713048723,0.9372404088500601,0.8954215912821909,0.8756477848516799,-4.713048722848612e-06,0.0002595911499400083,0.04207840871780921,0.06185221514832018
n8_t4_s20269127,20269127,8,4,4,B04,,"[[0,5],[7,0],[2,4],[5,0]]","[[0,0,0,0,0,1,0,1],[0,1,0,0,0,0,0,0],[0,0,1,0,0,0,0,0],[0,0,0,1,0,0,0,0],[0,0,1,0,1,0,0,0],[1,0,0,0,0,1,0,0],[0,0,0,0,0,0,1,0],[0,0,0,0,0,0,0,1]]",3,30.799999999999997,2.2004243231197795e-05,2.2004243231197957e-05,2.2004243231197957e-05,0.0,0.0,0.0,0.0,0.9374586477345382,0.9365981164636126,0.8260941374405739,0.7544259620992257,4.135226546186921e-05,0.0009018835363875377,0.1114058625594262,0.18307403790077437
n8_t4_s20269127,20269127,8,4,5,B05,,"[[4,3],[4,5],[1,7],[3,4]]","[[1,0,0,0,0,0,0,0],[0,1,0,0,0,0,0,0],[0,0,1,0,0,0,0,0],[0,0,0,1,1,0,0,0],[0,0,0,1,0,0,0,0],[0,0,0,0,1,1,0,0],[0,0,0,0,0,0,1,0],[0,1,0,0,0,0,0,1]]",3,23.799999999999997,6.526052642085902e-07,6.526052642085466e-07,6.526052642085465e-07,0.0,0.0,0.0,0.0,0.937557245814856,0.9393350310094409,0.92255787263831,0.7798877832675378,-5.724581485588853e-05,-0.001835031009440824,0.014942127361690094,0.15761221673246228
n8_t4_s20269127,20269127,8,4,6,B06,pauli_only;projection,"[[6,2],[4,6],[5,6],[1,3]]","[[1,0,0,0,0,0,0,0],[0,1,0,0,0,0,0,0],[0,0,1,0,0,0,1,0],[0,1,0,1,0,0,0,0],[0,0,0,0,1,0,0,0],[0,0,0,0,0,1,0,0],[0,0,0,0,1,1,1,0],[0,0,0,0,0,0,0,1]]",1,23.799999999999997,0.01558327894321867,0.015583278943218664,0.015583278943218664,0.0,0.0,0.0,0.0,0.935286844453588,0.9242595180949235,0.8819225204117467,0.8752971727232641,0.0022131555464121044,0.013240481905076651,0.05557747958825343,0.062202827276735984
n8_t4_s20269127,20269127,8,4,7,B07,oracle,"[[0,7],[0,4],[3,5],[4,1]]","[[1,0,0,0,0,0,0,0],[1,1,0,0,1,0,0,0],[0,0,1,0,0,0,0,0],[0,0,0,1,0,0,0,0],[1,0,0,0,1,0,0,0],[0,0,0,1,0,1,0,0],[0,0,0,0,0,0,1,0],[1,0,0,0,0,0,0,1]]",3,26.599999999999998,1.4568938065138324e-05,1.4568938065138068e-05,1.4568938065138068e-05,0.0,0.0,0.0,0.0,0.9375139946638509,0.9359095967171529,0.8824332080840938,0.6949099688468363,-1.3994663850769307e-05,0.0015904032828472081,0.055066791915906355,0.2425900311531638
n8_t4_s20269127,20269127,8,4,8,B08,random;osr_only,"[[2,1],[3,0],[5,6],[0,2]]","[[1,0,0,1,0,0,0,0],[0,1,1,0,0,0,0,0],[1,0,1,1,0,0,0,0],[0,0,0,1,0,0,0,0],[0,0,0,0,1,0,0,0],[0,0,0,0,0,1,0,0],[0,0,0,0,0,1,1,0],[0,0,0,0,0,0,0,1]]",0,32.199999999999996,5.504742099680804e-23,1.4910750134994004e-22,6.751666137938436e-23,0.0,0.0,0.0,0.0,0.9375000000058042,0.9415256894275251,0.937762517546993,0.9375139856852331,-5.804134950437856e-12,-0.004025689427525014,-0.0002625175469929131,-1.398568523303112e-05
n8_t4_s20269127,20269127,8,4,9,B09,,"[[5,4],[2,3],[2,4],[4,2]]","[[1,0,0,0,0,0,0,0],[0,1,0,0,0,0,0,0],[0,0,0,0,1,1,0,0],[0,0,1,1,0,0,0,0],[0,0,1,0,1,1,0,0],[0,0,0,0,0,1,0,0],[0,0,0,0,0,0,1,0],[0,0,0,0,0,0,0,1]]",2,23.799999999999997,2.811037776157674e-07,2.8110377761578113e-07,2.8110377761578103e-07,0.0,0.0,0.0,0.0,0.9375252265221541,0.9392228478831836,0.9309389449315991,0.880284741388448,-2.5226522153976028e-05,-0.0017228478831834426,0.006561055068400989,0.05721525861155208
n8_t4_s20269127,20269127,8,4,10,B10,,"[[4,2],[6,0],[4,3],[3,0]]","[[1,0,0,1,1,0,1,0],[0,1,0,0,0,0,0,0],[0,0,1,0,1,0,0,0],[0,0,0,1,1,0,0,0],[0,0,0,0,1,0,0,0],[0,0,0,0,0,1,0,0],[0,0,0,0,0,0,1,0],[0,0,0,0,0,0,0,1]]",2,25.2,6.803534127651108e-06,6.803534127650905e-06,6.803534127650905e-06,0.0,0.0,0.0,0.0,0.9375132425303602,0.9370523197513451,0.8883450820624691,0.8023010032651415,-1.3242530360058069e-05,0.00044768024865504685,0.04915491793753102,0.13519899673485858
n8_t4_s20269127,20269127,8,4,11,B11,,"[[3,4],[0,5],[2,5],[7,4]]","[[1,0,0,0,0,0,0,0],[0,1,0,0,0,0,0,0],[0,0,1,0,0,0,0,0],[0,0,0,1,0,0,0,0],[0,0,0,1,1,0,0,1],[1,0,1,0,0,1,0,0],[0,0,0,0,0,0,1,0],[0,0,0,0,0,0,0,1]]",2,26.599999999999998,2.44908559367116e-05,2.4490855936711463e-05,2.4490855936711463e-05,0.0,0.0,0.0,0.0,0.9374607054764503,0.9361393828102468,0.8564726589310092,0.7600659187765182,3.9294523549782134e-05,0.0013606171897533326,0.0810273410689909,0.17743408122348192
n8_t4_s20269127,20269127,8,4,12,B12,,"[[1,0],[7,0],[4,5],[6,1]]","[[1,1,0,0,0,0,0,1],[0,1,0,0,0,0,1,0],[0,0,1,0,0,0,0,0],[0,0,0,1,0,0,0,0],[0,0,0,0,1,0,0,0],[0,0,0,0,1,1,0,0],[0,0,0,0,0,0,1,0],[0,0,0,0,0,0,0,1]]",2,21.0,1.0656907977943994e-05,1.0656907977943685e-05,1.0656907977943685e-05,0.0,0.0,0.0,0.0,0.9375018873416932,0.9369485454157929,0.8851132833389042,0.771042399219612,-1.8873416930409448e-06,0.0005514545842072449,0.052386716661095956,0.16645760078038807
