instance,seed,n,t,method,candidate_index,candidate_name,sequence,parameters_added,routing_cnot_count,gadget_cnot_count,candidate_pool_size,old_loss,old_ambient_norm,old_projected_norm,old_chi,key_kappa,osr_score,pauli_score,full_projected_score,delta_B,final_loss,success_90pct_oracle,steps_to_80pct_oracle,improvement_per_cnot_50,loss_after_1,improvement_after_1,loss_after_5,improvement_after_5,loss_after_20,improvement_after_20,loss_after_50,improvement_after_50
n4_t2_s20264923,20264923,4,2,identity,0,identity,"[[0,1],[0,1],[0,1],[0,1]]",12,4,8,12,0.7500000000000002,0.8660254037844382,1.5940254050738857e-12,1.8406219934290212e-12,0,0.0,2.4888124526662524e-24,2.5412394414284624e-24,3.2244940749712237e-28,0.75005068478789,0,-1,-6.335598486228999e-06,0.7500000000144647,-1.446442965402639e-11,0.7579232652315252,-0.007923265231524979,0.7513653718162524,-0.001365371816252181,0.75005068478789,-5.0684787889831995e-05
n4_t2_s20264923,20264923,4,2,random,10,B10,"[[2,3],[3,1],[1,2],[3,1]]",12,4,8,12,0.7500000000000002,0.8660254037844382,1.5940254050738857e-12,1.8406219934290212e-12,1,9.3,0.0023313318714606288,0.0023313318714606405,0.0023313318714606405,0.5007051507092103,1,21,0.03116185616134874,0.748991829085941,0.0010081709140592476,0.729658309756184,0.02034169024381627,0.5574037955695037,0.19259620443049652,0.5007051507092103,0.24929484929078993
n4_t2_s20264923,20264923,4,2,osr_only,2,B02,"[[1,0],[0,2],[2,3],[0,2]]",12,4,8,12,0.7500000000000002,0.8660254037844382,1.5940254050738857e-12,1.8406219934290212e-12,1,10.4,0.00018680022410900155,0.00018680022410899963,0.00018680022410899963,0.5010326945515091,1,24,0.031120913181061388,0.7499003201270262,9.967987297399006e-05,0.7404595876257005,0.0095404123742997,0.5699002565392896,0.18009974346071067,0.5010326945515091,0.2489673054484911
n4_t2_s20264923,20264923,4,2,pauli_only,8,B08,"[[1,0],[1,0],[3,0],[2,0]]",12,4,8,12,0.7500000000000002,0.8660254037844382,1.5940254050738857e-12,1.8406219934290212e-12,1,6.9,0.24986049975151883,0.2498604997515189,0.2498604997515189,0.5002693203803285,1,17,0.03121633495245897,0.7408599729622384,0.009140027037761844,0.689636289775168,0.06036371022483222,0.5272424882247977,0.22275751177520253,0.5002693203803285,0.24973067961967177
n4_t2_s20264923,20264923,4,2,projection,8,B08,"[[1,0],[1,0],[3,0],[2,0]]",12,4,8,12,0.7500000000000002,0.8660254037844382,1.5940254050738857e-12,1.8406219934290212e-12,1,6.9,0.24986049975151883,0.2498604997515189,0.2498604997515189,0.5002693203803285,1,17,0.03121633495245897,0.7408599729622384,0.009140027037761844,0.689636289775168,0.06036371022483222,0.5272424882247977,0.22275751177520253,0.5002693203803285,0.24973067961967177
n4_t2_s20264923,20264923,4,2,oracle,8,B08,"[[1,0],[1,0],[3,0],[2,0]]",12,4,8,12,0.7500000000000002,0.8660254037844382,1.5940254050738857e-12,1.8406219934290212e-12,1,6.9,0.24986049975151883,0.2498604997515189,0.2498604997515189,0.5002693203803285,1,17,0.03121633495245897,0.7408599729622384,0.009140027037761844,0.689636289775168,0.06036371022483222,0.5272424882247977,0.22275751177520253,0.5002693203803285,0.24973067961967177
n4_t2_s20264924,20264924,4,2,identity,0,identity,"[[0,1],[0,1],[0,1],[0,1]]",12,4,8,12,0.7500000000000004,0.8660254037844376,1.05138699616489e-12,1.2140371305165441e-12,0,0.0,9.159878046511361e-25,1.1048404600908977e-24,0.0,0.7500647794299472,0,-1,-8.097428743344959e-06,0.7500000000054429,-5.44242428901498e-12,0.7575448331057342,-0.007544833105733728,0.751280547529364,-0.0012805475293635737,0.7500647794299472,-6.477942994675967e-05
n4_t2_s20264924,20264924,4,2,random,6,B06,"[[0,3],[3,1],[0,3],[3,2]]",12,4,8,12,0.7500000000000004,0.8660254037844376,1.05138699616489e-12,1.2140371305165441e-12,1,10.4,0.00030157300170114305,0.0003015730017011458,0.0003015730017011458,0.500430696931699,1,23,0.031196162883537687,0.7497919903072381,0.00020800969276235648,0.7348378417174652,0.015162158282535199,0.5639962250509603,0.1860037749490402,0.500430696931699,0.2495693030683015
n4_t2_s20264924,20264924,4,2,osr_only,4,B04,"[[2,3],[1,0],[0,1],[2,1]]",12,4,8,12,0.7500000000000004,0.8660254037844376,1.05138699616489e-12,1.2140371305165441e-12,1,10.4,0.2496073983780405,0.24960739837804038,0.24960739837804038,0.501349600343338,1,21,0.03108129995708281,0.7392528153585078,0.010747184641492602,0.6936202893048855,0.05637971069511494,0.553755121815492,0.19624487818450842,0.501349600343338,0.24865039965666247
n4_t2_s20264924,20264924,4,2,pauli_only,10,B10,"[[3,1],[1,0],[3,0],[3,2]]",12,4,8,12,0.7500000000000004,0.8660254037844376,1.05138699616489e-12,1.2140371305165441e-12,1,10.4,0.2496073983780406,0.2496073983780405,0.2496073983780405,0.5013480663345595,1,21,0.031081491708180115,0.7392528155637066,0.010747184436293855,0.6915010489327618,0.05849895106723868,0.5536114404892745,0.19638855951072598,0.5013480663345595,0.24865193366544092
n4_t2_s20264924,20264924,4,2,projection,10,B10,"[[3,1],[1,0],[3,0],[3,2]]",12,4,8,12,0.7500000000000004,0.8660254037844376,1.05138699616489e-12,1.2140371305165441e-12,1,10.4,0.2496073983780406,0.2496073983780405,0.2496073983780405,0.5013480663345595,1,21,0.031081491708180115,0.7392528155637066,0.010747184436293855,0.6915010489327618,0.05849895106723868,0.5536114404892745,0.19638855951072598,0.5013480663345595,0.24865193366544092
n4_t2_s20264924,20264924,4,2,oracle,6,B06,"[[0,3],[3,1],[0,3],[3,2]]",12,4,8,12,0.7500000000000004,0.8660254037844376,1.05138699616489e-12,1.2140371305165441e-12,1,10.4,0.00030157300170114305,0.0003015730017011458,0.0003015730017011458,0.500430696931699,1,23,0.031196162883537687,0.7497919903072381,0.00020800969276235648,0.7348378417174652,0.015162158282535199,0.5639962250509603,0.1860037749490402,0.500430696931699,0.2495693030683015
n4_t2_s20264925,20264925,4,2,identity,0,identity,"[[0,1],[0,1],[0,1],[0,1]]",12,4,8,12,0.7500000000000002,0.8660254037844382,9.980302859677734e-13,1.152426108525787e-12,0,0.0,9.796509448059687e-25,9.958110288157031e-25,0.0,0.7500315632055081,0,-1,-3.945400688487588e-06,0.7500000000049065,-4.906297590423492e-12,0.7562785131706147,-0.006278513170614453,0.7510454996117082,-0.0010454996117079673,0.7500315632055081,-3.1563205507900705e-05
n4_t2_s20264925,20264925,4,2,random,2,B02,"[[3,2],[0,2],[0,2],[2,1]]",12,4,8,12,0.7500000000000002,0.8660254037844382,9.980302859677734e-13,1.152426108525787e-12,1,8.1,4.742678554137378e-05,4.7426785541373184e-05,4.7426785541373184e-05,0.5009568783463859,1,22,0.03113039020670179,0.7499849875986695,1.5012401330727343e-05,0.7453026664863073,0.004697333513692947,0.5611506817570464,0.1888493182429538,0.5009568783463859,0.2490431216536143
n4_t2_s20264925,20264925,4,2,osr_only,3,B03,"[[3,1],[2,3],[2,1],[3,0]]",12,4,8,12,0.7500000000000002,0.8660254037844382,9.980302859677734e-13,1.152426108525787e-12,1,10.4,1.8383883537575225e-05,1.8383883537573975e-05,1.8383883537573975e-05,0.500930959678872,1,23,0.031133630040141025,0.7500477219247295,-4.7721924729238197e-05,0.7442340144373767,0.005765985562623532,0.5737875063199114,0.17621249368008884,0.500930959678872,0.2490690403211282
n4_t2_s20264925,20264925,4,2,pauli_only,7,B07,"[[0,2],[1,0],[1,0],[1,0]]",12,4,8,12,0.7500000000000002,0.8660254037844382,9.980302859677734e-13,1.152426108525787e-12,1,8.1,0.2499525732144583,0.2499525732144584,0.2499525732144584,0.5003697555301979,1,17,0.03120378055872529,0.7396235645816004,0.010376435418399832,0.687870457170494,0.062129542829506224,0.5276537622563671,0.22234623774363316,0.5003697555301979,0.2496302444698023
n4_t2_s20264925,20264925,4,2,projection,7,B07,"[[0,2],[1,0],[1,0],[1,0]]",12,4,8,12,0.7500000000000002,0.8660254037844382,9.980302859677734e-13,1.152426108525787e-12,1,8.1,0.2499525732144583,0.2499525732144584,0.2499525732144584,0.5003697555301979,1,17,0.03120378055872529,0.7396235645816004,0.010376435418399832,0.687870457170494,0.062129542829506224,0.5276537622563671,0.22234623774363316,0.5003697555301979,0.2496302444698023
n4_t2_s20264925,20264925,4,2,oracle,10,B10,"[[1,3],[2,1],[1,3],[3,1]]",12,4,8,12,0.7500000000000002,0.8660254037844382,9.980302859677734e-13,1.152426108525787e-12,1,8.1,0.2499525732144583,0.24995257321445835,0.24995257321445835,0.500292598542035,1,18,0.031213425182245652,0.7400911186615697,0.009908881338430486,0.6918638131088357,0.05813618689116451,0.5311938925636617,0.21880610743633855,0.500292598542035,0.24970740145796522
n4_t2_s20264926,20264926,4,2,identity,0,identity,"[[0,1],[0,1],[0,1],[0,1]]",12,4,8,12,0.75,0.8660254037844384,1.1368218904077825e-12,1.3126888488951853e-12,0,0.0,1.1650163782731462e-24,1.2923450965091845e-24,0.0,0.7500507586082332,0,-1,-6.3448260291532055e-06,0.750000000006269,-6.268985330848409e-12,0.7560848219615616,-0.006084821961561571,0.7510456431753172,-0.0010456431753171902,0.7500507586082332,-5.0758608233225644e-05
n4_t2_s20264926,20264926,4,2,random,1,B01,"[[1,0],[3,2],[0,1],[2,3]]",12,4,8,12,0.75,0.8660254037844384,1.1368218904077825e-12,1.3126888488951853e-12,0,9.2,8.93633055780934e-25,1.2925482409696293e-24,1.8423045930522178e-28,0.7500355796724357,0,-1,-4.447459054465752e-06,0.7500000000054312,-5.431211036466266e-12,0.7548803822947225,-0.004880382294722541,0.7508365943180666,-0.0008365943180665969,0.7500355796724357,-3.557967243572602e-05
n4_t2_s20264926,20264926,4,2,osr_only,2,B02,"[[3,0],[0,1],[3,0],[3,2]]",12,4,8,12,0.75,0.8660254037844384,1.1368218904077825e-12,1.3126888488951853e-12,1,10.4,0.00025119100705220474,0.000251191007052209,0.000251191007052209,0.5007029504086551,1,23,0.031162131198918114,0.7498701165289126,0.00012988347108744414,0.7408733024029004,0.009126697597099609,0.5669168720915752,0.18308312790842485,0.5007029504086551,0.2492970495913449
n4_t2_s20264926,20264926,4,2,pauli_only,3,B03,"[[1,2],[1,0],[0,2],[2,3]]",12,4,8,12,0.75,0.8660254037844384,1.1368218904077825e-12,1.3126888488951853e-12,1,10.4,0.24985291752548813,0.24985291752548808,0.24985291752548808,0.5003469785603918,1,16,0.031206627679951027,0.7408566370677758,0.009143362932224175,0.6865621443767491,0.06343785562325088,0.5241996296609313,0.22580037033906875,0.5003469785603918,0.2496530214396082
n4_t2_s20264926,20264926,4,2,projection,3,B03,"[[1,2],[1,0],[0,2],[2,3]]",12,4,8,12,0.75,0.8660254037844384,1.1368218904077825e-12,1.3126888488951853e-12,1,10.4,0.24985291752548813,0.24985291752548808,0.24985291752548808,0.5003469785603918,1,16,0.031206627679951027,0.7408566370677758,0.009143362932224175,0.6865621443767491,0.06343785562325088,0.5241996296609313,0.22580037033906875,0.5003469785603918,0.2496530214396082
n4_t2_s20264926,20264926,4,2,oracle,11,B11,"[[0,3],[1,0],[2,3],[3,2]]",12,4,8,12,0.75,0.8660254037844384,1.1368218904077825e-12,1.3126888488951853e-12,1,10.4,0.000398273481563993,0.00039827348156399423,0.00039827348156399423,0.5002966269311964,1,18,0.031212921633600454,0.749758923421485,0.0002410765785150204,0.7359169904438846,0.014083009556115411,0.5349653361503639,0.2150346638496361,0.5002966269311964,0.24970337306880364
n4_t2_s20264927,20264927,4,2,identity,0,identity,"[[0,1],[0,1],[0,1],[0,1]]",12,4,8,12,0.75,0.8660254037844382,1.1981905703974539e-12,1.3835512967188833e-12,0,0.0,1.0689943307565854e-24,1.4354054038268176e-24,0.0,0.7500069049235963,0,-1,-8.631154495425397e-07,0.7500000000056491,-5.649147816200184e-12,0.755406798801116,-0.005406798801116053,0.7507067832923745,-0.0007067832923745021,0.7500069049235963,-6.904923596340318e-06
n4_t2_s20264927,20264927,4,2,random,10,B10,"[[0,3],[1,2],[1,0],[0,3]]",12,4,8,12,0.75,0.8660254037844382,1.1981905703974539e-12,1.3835512967188833e-12,1,8.0,0.2482352514404619,0.24823525144046207,0.24823525144046207,0.5013985330784154,1,21,0.031075183365198072,0.7390534749931502,0.010946525006849783,0.6919445364622092,0.058055463537790786,0.5539850612020637,0.1960149387979363,0.5013985330784154,0.24860146692158458
n4_t2_s20264927,20264927,4,2,osr_only,1,B01,"[[3,0],[2,0],[0,1],[2,3]]",12,4,8,12,0.75,0.8660254037844382,1.1981905703974539e-12,1.3835512967188833e-12,1,10.4,0.0005296227014205821,0.0005296227014205782,0.0005296227014205782,0.5007321494802468,1,22,0.03115848131496915,0.749587414661814,0.00041258533818600007,0.7338399536367559,0.016160046363244085,0.5577863034321129,0.19221369656788712,0.5007321494802468,0.2492678505197532
n4_t2_s20264927,20264927,4,2,pauli_only,5,B05,"[[1,3],[0,1],[0,2],[0,2]]",12,4,8,12,0.75,0.8660254037844382,1.1981905703974539e-12,1.3835512967188833e-12,1,8.1,0.24947037729857935,0.24947037729857946,0.24947037729857946,0.5003509660361407,1,15,0.03120612924548241,0.7388887254412566,0.01111127455874339,0.681885347008419,0.06811465299158104,0.5232774645698973,0.22672253543010268,0.5003509660361407,0.2496490339638593
n4_t2_s20264927,20264927,4,2,projection,5,B05,"[[1,3],[0,1],[0,2],[0,2]]",12,4,8,12,0.75,0.8660254037844382,1.1981905703974539e-12,1.3835512967188833e-12,1,8.1,0.24947037729857935,0.24947037729857946,0.24947037729857946,0.5003509660361407,1,15,0.03120612924548241,0.7388887254412566,0.01111127455874339,0.681885347008419,0.06811465299158104,0.5232774645698973,0.22672253543010268,0.5003509660361407,0.2496490339638593
n4_t2_s20264927,20264927,4,2,oracle,5,B05,"[[1,3],[0,1],[0,2],[0,2]]",12,4,8,12,0.75,0.8660254037844382,1.1981905703974539e-12,1.3835512967188833e-12,1,8.1,0.24947037729857935,0.24947037729857946,0.24947037729857946,0.5003509660361407,1,15,0.03120612924548241,0.7388887254412566,0.01111127455874339,0.681885347008419,0.06811465299158104,0.5232774645698973,0.22672253543010268,0.5003509660361407,0.2496490339638593
n6_t3_s20267023,20267023,6,3,identity,0,identity,"[[0,1],[0,1],[0,1],[0,1]]",18,4,8,12,0.8750000074752422,0.6614378108138907,6.113648738738e-05,9.242968331694303e-05,0,0.0,7.75334172351378e-14,3.7376700900275345e-09,0.0,0.8750330155461565,0,-1,-4.126008864291375e-06,0.8813172103665108,-0.006317202891268581,0.8765504031408773,-0.0015503956656350848,0.8751150409350679,-0.00011503345982566415,0.8750330155461565,-3.3008070914331e-05
n6_t3_s20267023,20267023,6,3,random,7,B07,"[[4,0],[2,5],[5,4],[4,3]]",18,4,8,12,0.8750000074752422,0.6614378108138907,6.113648738738e-05,9.242968331694303e-05,2,26.2,0.06249295299740686,0.06249295673501997,0.06249295299734988,0.7507150066999474,0,-1,0.015535625096911851,0.8755813276731412,-0.0005813201978990268,0.8473216041176369,0.027678403357605297,0.7762250409183898,0.09877496655685236,0.7507150066999474,0.12428500077529481
n6_t3_s20267023,20267023,6,3,osr_only,4,B04,"[[0,4],[0,3],[1,2],[4,1]]",18,4,8,12,0.8750000074752422,0.6614378108138907,6.113648738738e-05,9.242968331694303e-05,2,26.2,3.664851726204073e-06,3.6685893574082302e-06,3.664851687318163e-06,0.5696500412012195,1,41,0.03816874578425283,0.8809274747095052,-0.005927467234262962,0.875253079491611,-0.00025307201636881604,0.8042136145619829,0.07078639291325928,0.5696500412012195,0.30534996627402267
n6_t3_s20267023,20267023,6,3,pauli_only,12,B12,"[[4,1],[3,5],[1,0],[2,4]]",18,4,8,12,0.8750000074752422,0.6614378108138907,6.113648738738e-05,9.242968331694303e-05,2,24.9,0.06249953904246289,0.06249953913741355,0.06249953539974346,0.7501830802279714,0,-1,0.015602115905908848,0.8744285728035035,0.000571434671738702,0.8464889247381121,0.0285110827371301,0.7725020994908132,0.10249790798442904,0.7501830802279714,0.12481692724727078
n6_t3_s20267023,20267023,6,3,projection,1,B01,"[[0,4],[1,4],[1,2],[2,1]]",18,4,8,12,0.8750000074752422,0.6614378108138907,6.113648738738e-05,9.242968331694303e-05,1,21.1,0.06249953539985898,0.06249953913750075,0.06249953539983066,0.7501613817041745,0,-1,0.015604828221383468,0.8748248609375455,0.00017514653769667987,0.8463860572004688,0.028613950274773425,0.7720138297692192,0.10298617770602303,0.7501613817041745,0.12483862577106775
n6_t3_s20267023,20267023,6,3,oracle,4,B04,"[[0,4],[0,3],[1,2],[4,1]]",18,4,8,12,0.8750000074752422,0.6614378108138907,6.113648738738e-05,9.242968331694303e-05,2,26.2,3.664851726204073e-06,3.6685893574082302e-06,3.664851687318163e-06,0.5696500412012195,1,41,0.03816874578425283,0.8809274747095052,-0.005927467234262962,0.875253079491611,-0.00025307201636881604,0.8042136145619829,0.07078639291325928,0.5696500412012195,0.30534996627402267
n6_t3_s20267024,20267024,6,3,identity,0,identity,"[[0,1],[0,1],[0,1],[0,1]]",18,4,8,12,0.875,0.6614378277661475,8.665932550086666e-13,1.3101658517708064e-12,0,0.0,3.5272571804041786e-25,7.510250248374731e-25,4.115521095732032e-29,0.8750120076737472,0,-1,-1.5009592184006548e-06,0.8750000000015101,-1.510125358095138e-12,0.8784662809292743,-0.003466280929274257,0.8755572665143032,-0.0005572665143032118,0.8750120076737472,-1.2007673747205239e-05
n6_t3_s20267024,20267024,6,3,random,2,B02,"[[0,5],[0,4],[1,2],[1,4]]",18,4,8,12,0.875,0.6614378277661475,8.665932550086666e-13,1.3101658517708064e-12,2,23.2,5.544523830942415e-05,5.544523830942374e-05,5.544523830942374e-05,0.5600460985229103,0,42,0.03936923768463621,0.8749010592560768,9.894074392324814e-05,0.8725144106890704,0.00248558931092957,0.724255048781296,0.15074495121870402,0.5600460985229103,0.3149539014770897
n6_t3_s20267024,20267024,6,3,osr_only,12,B12,"[[4,5],[4,1],[3,4],[0,3]]",18,4,8,12,0.875,0.6614378277661475,8.665932550086666e-13,1.3101658517708064e-12,2,27.200000000000003,0.00023974912304802312,0.00023974912304801927,0.00023974912304801927,0.5040531605472469,1,27,0.046368354931594136,0.87470974380781,0.0002902561921900304,0.8588465511670387,0.016153448832961326,0.6600545350866794,0.21494546491332056,0.5040531605472469,0.3709468394527531
n6_t3_s20267024,20267024,6,3,pauli_only,6,B06,"[[1,4],[0,1],[1,3],[1,0]]",18,4,8,12,0.875,0.6614378277661475,8.665932550086666e-13,1.3101658517708064e-12,2,23.2,0.062300340494221874,0.0623003404942219,0.0623003404942219,0.5009093374303828,1,22,0.04676133282120215,0.8701551012860479,0.004844898713952106,0.8375504997590691,0.037449500240930855,0.6021100944149771,0.2728899055850229,0.5009093374303828,0.3740906625696172
n6_t3_s20267024,20267024,6,3,projection,6,B06,"[[1,4],[0,1],[1,3],[1,0]]",18,4,8,12,0.875,0.6614378277661475,8.665932550086666e-13,1.3101658517708064e-12,2,23.2,0.062300340494221874,0.0623003404942219,0.0623003404942219,0.5009093374303828,1,22,0.04676133282120215,0.8701551012860479,0.004844898713952106,0.8375504997590691,0.037449500240930855,0.6021100944149771,0.2728899055850229,0.5009093374303828,0.3740906625696172
n6_t3_s20267024,20267024,6,3,oracle,6,B06,"[[1,4],[0,1],[1,3],[1,0]]",18,4,8,12,0.875,0.6614378277661475,8.665932550086666e-13,1.3101658517708064e-12,2,23.2,0.062300340494221874,0.0623003404942219,0.0623003404942219,0.5009093374303828,1,22,0.04676133282120215,0.8701551012860479,0.004844898713952106,0.8375504997590691,0.037449500240930855,0.6021100944149771,0.2728899055850229,0.5009093374303828,0.3740906625696172
n6_t3_s20267025,20267025,6,3,identity,0,identity,"[[0,1],[0,1],[0,1],[0,1]]",18,4,8,12,0.875,0.6614378277661473,1.3423075846408395e-12,2.0293783153802552e-12,0,0.0,2.873518829609719e-25,1.80193551422526e-24,1.458624409354338e-28,0.8750095249824625,0,-1,-1.190622807817343e-06,0.8750000000009813,-9.813261314661759e-13,0.8807609016759284,-0.005760901675928354,0.8756791416867415,-0.0006791416867415467,0.8750095249824625,-9.524982462538745e-06
n6_t3_s20267025,20267025,6,3,random,5,B05,"[[0,1],[0,2],[4,3],[3,5]]",18,4,8,12,0.875,0.6614378277661473,1.3423075846408395e-12,2.0293783153802552e-12,0,27.3,1.5186040604079984e-24,2.2002101067577967e-24,3.9842045497347203e-25,0.8750262861952876,0,-1,-3.285774410943798e-06,0.8750000000010179,-1.0178524689763435e-12,0.8793724736520655,-0.0043724736520655005,0.8756615753198723,-0.0006615753198723207,0.8750262861952876,-2.6286195287550385e-05
n6_t3_s20267025,20267025,6,3,osr_only,12,B12,"[[3,4],[1,0],[5,2],[4,1]]",18,4,8,12,0.875,0.6614378277661473,1.3423075846408395e-12,2.0293783153802552e-12,2,28.6,0.06238682853387095,0.06238682853387091,0.06238682853387091,0.5009806359116076,1,24,0.04675242051104905,0.8702708936895136,0.004729106310486397,0.8417100033556235,0.033289996644376485,0.6118631878010181,0.2631368121989819,0.5009806359116076,0.3740193640883924
n6_t3_s20267025,20267025,6,3,pauli_only,10,B10,"[[5,2],[3,4],[4,3],[0,4]]",18,4,8,12,0.875,0.6614378277661473,1.3423075846408395e-12,2.0293783153802552e-12,2,27.3,0.12476210446680776,0.12476210446680765,0.12476210446680765,0.5011086684794595,1,22,0.04673641644006757,0.865704599417608,0.009295400582391977,0.814511939967006,0.06048806003299401,0.5968797833363079,0.27812021666369213,0.5011086684794595,0.37389133152054055
n6_t3_s20267025,20267025,6,3,projection,10,B10,"[[5,2],[3,4],[4,3],[0,4]]",18,4,8,12,0.875,0.6614378277661473,1.3423075846408395e-12,2.0293783153802552e-12,2,27.3,0.12476210446680776,0.12476210446680765,0.12476210446680765,0.5011086684794595,1,22,0.04673641644006757,0.865704599417608,0.009295400582391977,0.814511939967006,0.06048806003299401,0.5968797833363079,0.27812021666369213,0.5011086684794595,0.37389133152054055
n6_t3_s20267025,20267025,6,3,oracle,12,B12,"[[3,4],[1,0],[5,2],[4,1]]",18,4,8,12,0.875,0.6614378277661473,1.3423075846408395e-12,2.0293783153802552e-12,2,28.6,0.06238682853387095,0.06238682853387091,0.06238682853387091,0.5009806359116076,1,24,0.04675242051104905,0.8702708936895136,0.004729106310486397,0.8417100033556235,0.033289996644376485,0.6118631878010181,0.2631368121989819,0.5009806359116076,0.3740193640883924
n6_t3_s20267026,20267026,6,3,identity,0,identity,"[[0,1],[0,1],[0,1],[0,1]]",18,4,8,12,0.8750000000000001,0.6614378277661473,1.3316496075427822e-12,2.013264968591409e-12,0,0.0,1.183847874346875e-24,1.7737240865760834e-24,4.334093072376007e-28,0.8750444622745162,0,-1,-5.557784314505487e-06,0.8750000000037856,-3.785527447064396e-12,0.8812477052815525,-0.006247705281552385,0.8756266151000438,-0.0006266151000436926,0.8750444622745162,-4.44622745160439e-05
n6_t3_s20267026,20267026,6,3,random,5,B05,"[[4,2],[4,5],[3,2],[0,4]]",18,4,8,12,0.8750000000000001,0.6614378277661473,1.3316496075427822e-12,2.013264968591409e-12,2,24.3,4.01263115317823e-05,4.012631153178233e-05,4.012631153178233e-05,0.5071917381838209,1,32,0.0459760327270224,0.8749751789321909,2.4821067809210895e-05,0.8720815380199436,0.0029184619800565192,0.7572012620713934,0.11779873792860673,0.5071917381838209,0.3678082618161792
n6_t3_s20267026,20267026,6,3,osr_only,6,B06,"[[5,0],[0,3],[4,0],[3,4]]",18,4,8,12,0.8750000000000001,0.6614378277661473,1.3316496075427822e-12,2.013264968591409e-12,2,28.200000000000003,0.062471006527513674,0.062471006527513716,0.062471006527513716,0.7502504754314356,0,-1,0.01559369057107056,0.8703610393016182,0.004638960698381878,0.8453687633076346,0.02963123669236556,0.7633325482153557,0.11166745178464443,0.7502504754314356,0.12474952456856447
n6_t3_s20267026,20267026,6,3,pauli_only,1,B01,"[[0,3],[4,1],[5,1],[2,0]]",18,4,8,12,0.8750000000000001,0.6614378277661473,1.3316496075427822e-12,2.013264968591409e-12,2,26.900000000000002,0.12482042470708012,0.12482042470707984,0.12482042470707984,0.5006626087983956,1,20,0.04679217390020056,0.8656525344339046,0.009347465566095559,0.8109071168809201,0.06409288311908001,0.5724983302996465,0.30250166970035364,0.5006626087983956,0.3743373912016045
n6_t3_s20267026,20267026,6,3,projection,1,B01,"[[0,3],[4,1],[5,1],[2,0]]",18,4,8,12,0.8750000000000001,0.6614378277661473,1.3316496075427822e-12,2.013264968591409e-12,2,26.900000000000002,0.12482042470708012,0.12482042470707984,0.12482042470707984,0.5006626087983956,1,20,0.04679217390020056,0.8656525344339046,0.009347465566095559,0.8109071168809201,0.06409288311908001,0.5724983302996465,0.30250166970035364,0.5006626087983956,0.3743373912016045
n6_t3_s20267026,20267026,6,3,oracle,1,B01,"[[0,3],[4,1],[5,1],[2,0]]",18,4,8,12,0.8750000000000001,0.6614378277661473,1.3316496075427822e-12,2.013264968591409e-12,2,26.900000000000002,0.12482042470708012,0.12482042470707984,0.12482042470707984,0.5006626087983956,1,20,0.04679217390020056,0.8656525344339046,0.009347465566095559,0.8109071168809201,0.06409288311908001,0.5724983302996465,0.30250166970035364,0.5006626087983956,0.3743373912016045
n6_t3_s20267027,20267027,6,3,identity,0,identity,"[[0,1],[0,1],[0,1],[0,1]]",18,4,8,12,0.875,0.6614378277661476,3.2104297670335652e-12,4.853713580119911e-12,0,0.0,1.419543980218811e-25,1.0307324381176583e-23,4.650921213903831e-28,0.8750441282297756,0,-1,-5.516028721952448e-06,0.8750000000006755,-6.754596881819452e-13,0.8804664303936983,-0.005466430393698318,0.8756877170801164,-0.0006877170801163901,0.8750441282297756,-4.412822977561959e-05
n6_t3_s20267027,20267027,6,3,random,1,B01,"[[2,1],[0,1],[2,1],[2,0]]",18,4,8,12,0.875,0.6614378277661476,3.2104297670335652e-12,4.853713580119911e-12,0,15.5,5.7014462650931935e-24,1.03073180918383e-23,4.5880278310681215e-28,0.8750321836583532,0,-1,-4.022957294153029e-06,0.8750000000012985,-1.298516849601583e-12,0.8799743639144493,-0.004974363914449276,0.8757629484983375,-0.0007629484983374679,0.8750321836583532,-3.218365835322423e-05
n6_t3_s20267027,20267027,6,3,osr_only,2,B02,"[[2,3],[3,0],[5,3],[0,1]]",18,4,8,12,0.875,0.6614378277661476,3.2104297670335652e-12,4.853713580119911e-12,2,29.8,0.062454675567451864,0.06245467556745182,0.06245467556745182,0.501228316038881,1,24,0.04672146049513988,0.8700286869399172,0.004971313060082805,0.8434139717481342,0.03158602825186585,0.6313249709591843,0.24367502904081573,0.501228316038881,0.37377168396111904
n6_t3_s20267027,20267027,6,3,pauli_only,3,B03,"[[0,3],[5,2],[5,3],[4,2]]",18,4,8,12,0.875,0.6614378277661476,3.2104297670335652e-12,4.853713580119911e-12,2,23.2,0.06261821154484479,0.0626182115448447,0.0626182115448447,0.5016489636461773,1,26,0.04666887954422784,0.8699316165991964,0.005068383400803622,0.8406870692172967,0.034312930782703255,0.6393612492588123,0.23563875074118767,0.5016489636461773,0.3733510363538227
n6_t3_s20267027,20267027,6,3,projection,3,B03,"[[0,3],[5,2],[5,3],[4,2]]",18,4,8,12,0.875,0.6614378277661476,3.2104297670335652e-12,4.853713580119911e-12,2,23.2,0.06261821154484479,0.0626182115448447,0.0626182115448447,0.5016489636461773,1,26,0.04666887954422784,0.8699316165991964,0.005068383400803622,0.8406870692172967,0.034312930782703255,0.6393612492588123,0.23563875074118767,0.5016489636461773,0.3733510363538227
n6_t3_s20267027,20267027,6,3,oracle,2,B02,"[[2,3],[3,0],[5,3],[0,1]]",18,4,8,12,0.875,0.6614378277661476,3.2104297670335652e-12,4.853713580119911e-12,2,29.8,0.062454675567451864,0.06245467556745182,0.06245467556745182,0.501228316038881,1,24,0.04672146049513988,0.8700286869399172,0.004971313060082805,0.8434139717481342,0.03158602825186585,0.6313249709591843,0.24367502904081573,0.501228316038881,0.37377168396111904
n8_t4_s20269123,20269123,8,4,identity,0,identity,"[[0,1],[0,1],[0,1],[0,1]]",24,4,8,12,0.9375,0.4841229182759273,1.650779404914688e-11,3.409835276531613e-11,0,0.0,1.5828785425329541e-24,2.7250662659058955e-22,0.0,0.9375168976591358,0,-1,-2.11220739197715e-06,0.9375000000014443,-1.4442891327348661e-12,0.9403593655076148,-0.002859365507614786,0.9379155242567371,-0.0004155242567370765,0.9375168976591358,-1.68976591358172e-05
n8_t4_s20269123,20269123,8,4,random,3,B03,"[[7,5],[2,0],[4,0],[7,2]]",24,4,8,12,0.9375,0.4841229182759273,1.650779404914688e-11,3.409835276531613e-11,2,25.2,0.015589925474550553,0.015589925474550532,0.015589925474550532,0.8753512747748057,0,-1,0.00776859065314929,0.9351659094937121,0.002334090506287856,0.9253503373959777,0.012149662604022282,0.8892408215315637,0.0482591784684363,0.8753512747748057,0.06214872522519432
n8_t4_s20269123,20269123,8,4,osr_only,12,B12,"[[0,5],[1,7],[2,6],[3,0]]",24,4,8,12,0.9375,0.4841229182759273,1.650779404914688e-11,3.409835276531613e-11,3,40.599999999999994,0.015577501819068562,0.015577501819068544,0.015577501819068544,0.7703304679297084,1,44,0.020896191508786452,0.935082181377169,0.0024178186228309695,0.9242538642723592,0.013246135727640773,0.8855490766843348,0.0519509233156652,0.7703304679297084,0.16716953207029162
n8_t4_s20269123,20269123,8,4,pauli_only,3,B03,"[[7,5],[2,0],[4,0],[7,2]]",24,4,8,12,0.9375,0.4841229182759273,1.650779404914688e-11,3.409835276531613e-11,2,25.2,0.015589925474550553,0.015589925474550532,0.015589925474550532,0.8753512747748057,0,-1,0.00776859065314929,0.9351659094937121,0.002334090506287856,0.9253503373959777,0.012149662604022282,0.8892408215315637,0.0482591784684363,0.8753512747748057,0.06214872522519432
n8_t4_s20269123,20269123,8,4,projection,9,B09,"[[7,0],[2,7],[4,0],[7,0]]",24,4,8,12,0.9375,0.4841229182759273,1.650779404914688e-11,3.409835276531613e-11,2,18.2,0.015589925474550518,0.015589925474550542,0.015589925474550542,0.8753563952618889,0,-1,0.007767950592263886,0.935165909488753,0.002334090511247,0.9255218763302527,0.011978123669747265,0.8892346757704049,0.048265324229595064,0.8753563952618889,0.06214360473811109
n8_t4_s20269123,20269123,8,4,oracle,4,B04,"[[3,2],[2,6],[2,4],[3,7]]",24,4,8,12,0.9375,0.4841229182759273,1.650779404914688e-11,3.409835276531613e-11,2,26.599999999999998,4.858054331431441e-07,4.858054331431026e-07,4.858054331431023e-07,0.7518518525830669,1,32,0.023206018427116643,0.9375213848467528,-2.1384846752847686e-05,0.9397065456353026,-0.002206545635302648,0.8969213740730452,0.040578625926954826,0.7518518525830669,0.18564814741693314
n8_t4_s20269124,20269124,8,4,identity,0,identity,"[[0,1],[0,1],[0,1],[0,1]]",24,4,8,12,0.9375000001866629,0.4841229176011809,5.569773204574116e-06,1.150487407655111e-05,0,0.0,4.0262961562729077e-16,3.102237349772522e-11,0.0,0.9375155132719433,0,-1,-1.9391356600451104e-06,0.9376074675287475,-0.0001074673420845551,0.941491723678291,-0.00399172349162813,0.9378742525553815,-0.00037425236871857503,0.9375155132719433,-1.5513085280360883e-05
n8_t4_s20269124,20269124,8,4,random,1,B01,"[[1,2],[3,2],[6,3],[2,5]]",24,4,8,12,0.9375000001866629,0.4841229176011809,5.569773204574116e-06,1.150487407655111e-05,2,27.999999999999996,1.8981431469884255e-06,1.8981741685529374e-06,1.898143146179387e-06,0.7805461227483929,0,48,0.019619234679783756,0.9376262972168987,-0.0001262970302358113,0.9383505890598868,-0.0008505888732238676,0.890371785579098,0.04712821460756489,0.7805461227483929,0.15695387743827005
n8_t4_s20269124,20269124,8,4,osr_only,7,B07,"[[2,0],[0,6],[5,3],[4,1]]",24,4,8,12,0.9375000001866629,0.4841229176011809,5.569773204574116e-06,1.150487407655111e-05,3,32.199999999999996,5.668172245031718e-06,5.668203267156646e-06,5.668172244783096e-06,0.7788028365973012,0,44,0.019837145448670213,0.9376338647907176,-0.00013386460405473422,0.9393690202242532,-0.0018690200375902633,0.8730854323162883,0.06441456787037458,0.7788028365973012,0.1586971635893617
n8_t4_s20269124,20269124,8,4,pauli_only,8,B08,"[[6,5],[0,4],[1,5],[5,7]]",24,4,8,12,0.9375000001866629,0.4841229176011809,5.569773204574116e-06,1.150487407655111e-05,2,32.199999999999996,0.03119969264949039,0.031199692680165637,0.031199692649143265,0.7504857494081998,1,22,0.02337678134730789,0.9325651426649095,0.0049348575217533774,0.908678275952925,0.028821724233737855,0.7978802263121362,0.13961977387452673,0.7504857494081998,0.18701425077846312
n8_t4_s20269124,20269124,8,4,projection,8,B08,"[[6,5],[0,4],[1,5],[5,7]]",24,4,8,12,0.9375000001866629,0.4841229176011809,5.569773204574116e-06,1.150487407655111e-05,2,32.199999999999996,0.03119969264949039,0.031199692680165637,0.031199692649143265,0.7504857494081998,1,22,0.02337678134730789,0.9325651426649095,0.0049348575217533774,0.908678275952925,0.028821724233737855,0.7978802263121362,0.13961977387452673,0.7504857494081998,0.18701425077846312
n8_t4_s20269124,20269124,8,4,oracle,8,B08,"[[6,5],[0,4],[1,5],[5,7]]",24,4,8,12,0.9375000001866629,0.4841229176011809,5.569773204574116e-06,1.150487407655111e-05,2,32.199999999999996,0.03119969264949039,0.031199692680165637,0.031199692649143265,0.7504857494081998,1,22,0.02337678134730789,0.9325651426649095,0.0049348575217533774,0.908678275952925,0.028821724233737855,0.7978802263121362,0.13961977387452673,0.7504857494081998,0.18701425077846312
n8_t4_s20269125,20269125,8,4,identity,0,identity,"[[0,1],[0,1],[0,1],[0,1]]",24,4,8,12,0.9375,0.4841229182759269,6.39245655003839e-12,1.3204201471815048e-11,0,0.0,1.4550477091787052e-25,4.086572658956587e-23,2.225845437151255e-27,0.9375143465526994,0,-1,-1.7933190874230842e-06,0.9375000000002452,-2.452482661396971e-13,0.9389897164766838,-0.0014897164766838333,0.937720030381338,-0.0002200303813379989,0.9375143465526994,-1.4346552699384674e-05
n8_t4_s20269125,20269125,8,4,random,3,B03,"[[1,2],[0,1],[1,7],[5,0]]",24,4,8,12,0.9375,0.4841229182759269,6.39245655003839e-12,1.3204201471815048e-11,2,29.4,3.7192665558668066e-05,3.719266555866827e-05,3.719266555866827e-05,0.8157530958273248,0,-1,0.0152183630215844,0.9373914912584734,0.00010850874152656953,0.9346279728504111,0.002872027149588896,0.8838585951412817,0.05364140485871827,0.8157530958273248,0.1217469041726752
n8_t4_s20269125,20269125,8,4,osr_only,3,B03,"[[1,2],[0,1],[1,7],[5,0]]",24,4,8,12,0.9375,0.4841229182759269,6.39245655003839e-12,1.3204201471815048e-11,2,29.4,3.7192665558668066e-05,3.719266555866827e-05,3.719266555866827e-05,0.8157530958273248,0,-1,0.0152183630215844,0.9373914912584734,0.00010850874152656953,0.9346279728504111,0.002872027149588896,0.8838585951412817,0.05364140485871827,0.8157530958273248,0.1217469041726752
n8_t4_s20269125,20269125,8,4,pauli_only,7,B07,"[[0,6],[3,7],[4,5],[0,7]]",24,4,8,12,0.9375,0.4841229182759269,6.39245655003839e-12,1.3204201471815048e-11,2,27.999999999999996,0.01554101301873941,0.015541013018739424,0.015541013018739424,0.7693338433592717,1,45,0.02102076958009104,0.935250528172583,0.002249471827416971,0.9248094980958151,0.012690501904184859,0.8891033399727917,0.04839666002720833,0.7693338433592717,0.16816615664072831
n8_t4_s20269125,20269125,8,4,projection,7,B07,"[[0,6],[3,7],[4,5],[0,7]]",24,4,8,12,0.9375,0.4841229182759269,6.39245655003839e-12,1.3204201471815048e-11,2,27.999999999999996,0.01554101301873941,0.015541013018739424,0.015541013018739424,0.7693338433592717,1,45,0.02102076958009104,0.935250528172583,0.002249471827416971,0.9248094980958151,0.012690501904184859,0.8891033399727917,0.04839666002720833,0.7693338433592717,0.16816615664072831
n8_t4_s20269125,20269125,8,4,oracle,5,B05,"[[3,1],[7,2],[0,5],[4,5]]",24,4,8,12,0.9375,0.4841229182759269,6.39245655003839e-12,1.3204201471815048e-11,2,27.999999999999996,1.5091387297354223e-05,1.5091387297354223e-05,1.5091387297354223e-05,0.7531691677670871,1,32,0.023041354029114114,0.9374447062198675,5.529378013247044e-05,0.9347472719897709,0.0027527280102290774,0.8585690217667726,0.07893097823322737,0.7531691677670871,0.1843308322329129
n8_t4_s20269126,20269126,8,4,identity,0,identity,"[[0,1],[0,1],[0,1],[0,1]]",24,4,8,12,0.9375,0.4841229182759265,1.6311570917268014e-11,3.369303600696551e-11,0,0.0,5.702552933040137e-25,2.661198382402569e-22,5.249245119320019e-26,0.937515266877839,0,-1,-1.908359729879683e-06,0.9375000000004452,-4.4519943287468777e-13,0.9395768694756865,-0.002076869475686527,0.9378332727177214,-0.0003332727177214334,0.937515266877839,-1.5266877839037463e-05
n8_t4_s20269126,20269126,8,4,random,3,B03,"[[7,1],[0,3],[6,3],[7,6]]",24,4,8,12,0.9375,0.4841229182759265,1.6311570917268014e-11,3.369303600696551e-11,2,26.599999999999998,1.853375896253414e-05,1.853375896253417e-05,1.853375896253417e-05,0.8235766593045428,0,-1,0.014240417586932147,0.9374625222200288,3.7477779971206715e-05,0.9384597738660982,-0.0009597738660982458,0.8939098424636021,0.043590157536397944,0.8235766593045428,0.11392334069545718
n8_t4_s20269126,20269126,8,4,osr_only,11,B11,"[[1,6],[2,3],[3,7],[5,0]]",24,4,8,12,0.9375,0.4841229182759265,1.6311570917268014e-11,3.369303600696551e-11,3,37.8,0.01547621855280667,0.01547621855280667,0.01547621855280667,0.6574706390186671,0,-1,0.035003670122666614,0.9350902977960031,0.002409702203996944,0.9221366249259297,0.015363375074070262,0.8103194329279222,0.1271805670720778,0.6574706390186671,0.2800293609813329
n8_t4_s20269126,20269126,8,4,pauli_only,1,B01,"[[4,0],[3,7],[6,2],[7,0]]",24,4,8,12,0.9375,0.4841229182759265,1.6311570917268014e-11,3.369303600696551e-11,3,30.799999999999997,0.04637489740368139,0.046374897403681344,0.046374897403681344,0.5004844915525717,1,23,0.05462693855592854,0.93014141498223,0.007358585017769981,0.8854280938019675,0.05207190619803248,0.627363257738615,0.310136742261385,0.5004844915525717,0.4370155084474283
n8_t4_s20269126,20269126,8,4,projection,1,B01,"[[4,0],[3,7],[6,2],[7,0]]",24,4,8,12,0.9375,0.4841229182759265,1.6311570917268014e-11,3.369303600696551e-11,3,30.799999999999997,0.04637489740368139,0.046374897403681344,0.046374897403681344,0.5004844915525717,1,23,0.05462693855592854,0.93014141498223,0.007358585017769981,0.8854280938019675,0.05207190619803248,0.627363257738615,0.310136742261385,0.5004844915525717,0.4370155084474283
n8_t4_s20269126,20269126,8,4,oracle,1,B01,"[[4,0],[3,7],[6,2],[7,0]]",24,4,8,12,0.9375,0.4841229182759265,1.6311570917268014e-11,3.369303600696551e-11,3,30.799999999999997,0.04637489740368139,0.046374897403681344,0.046374897403681344,0.5004844915525717,1,23,0.05462693855592854,0.93014141498223,0.007358585017769981,0.8854280938019675,0.05207190619803248,0.627363257738615,0.310136742261385,0.5004844915525717,0.4370155084474283
n8_t4_s20269127,20269127,8,4,identity,0,identity,"[[0,1],[0,1],[0,1],[0,1]]",24,4,8,12,0.9375000000000001,0.48412291827592646,9.032764802127623e-12,1.8657998746052726e-11,0,0.0,5.158094643292673e-25,8.159089000217342e-23,5.003161773573644e-29,0.9375368174784577,0,-1,-4.602184807203646e-06,0.937500000001201,-1.2009282457370318e-12,0.9425300009927402,-0.005030000992740091,0.9381412349562499,-0.0006412349562497921,0.9375368174784577,-3.681747845762917e-05
n8_t4_s20269127,20269127,8,4,random,8,B08,"[[2,1],[3,0],[5,6],[0,2]]",24,4,8,12,0.9375000000000001,0.48412291827592646,9.032764802127623e-12,1.8657998746052726e-11,0,32.199999999999996,5.504742099680804e-23,1.4910750134994004e-22,6.751666137938436e-23,0.9375139856852331,0,-1,-1.74821065412889e-06,0.9375000000058042,-5.804134950437856e-12,0.9415256894275251,-0.004025689427525014,0.937762517546993,-0.0002625175469929131,0.9375139856852331,-1.398568523303112e-05
n8_t4_s20269127,20269127,8,4,osr_only,8,B08,"[[2,1],[3,0],[5,6],[0,2]]",24,4,8,12,0.9375000000000001,0.48412291827592646,9.032764802127623e-12,1.8657998746052726e-11,0,32.199999999999996,5.504742099680804e-23,1.4910750134994004e-22,6.751666137938436e-23,0.9375139856852331,0,-1,-1.74821065412889e-06,0.9375000000058042,-5.804134950437856e-12,0.9415256894275251,-0.004025689427525014,0.937762517546993,-0.0002625175469929131,0.9375139856852331,-1.398568523303112e-05
n8_t4_s20269127,20269127,8,4,pauli_only,6,B06,"[[6,2],[4,6],[5,6],[1,3]]",24,4,8,12,0.9375000000000001,0.48412291827592646,9.032764802127623e-12,1.8657998746052726e-11,1,23.799999999999997,0.01558327894321867,0.015583278943218664,0.015583278943218664,0.8752971727232641,0,-1,0.007775353409591998,0.935286844453588,0.0022131555464121044,0.9242595180949235,0.013240481905076651,0.8819225204117467,0.05557747958825343,0.8752971727232641,0.062202827276735984
n8_t4_s20269127,20269127,8,4,projection,6,B06,"[[6,2],[4,6],[5,6],[1,3]]",24,4,8,12,0.9375000000000001,0.48412291827592646,9.032764802127623e-12,1.8657998746052726e-11,1,23.799999999999997,0.01558327894321867,0.015583278943218664,0.015583278943218664,0.8752971727232641,0,-1,0.007775353409591998,0.935286844453588,0.0022131555464121044,0.9242595180949235,0.013240481905076651,0.8819225204117467,0.05557747958825343,0.8752971727232641,0.062202827276735984
n8_t4_s20269127,20269127,8,4,oracle,7,B07,"[[0,7],[0,4],[3,5],[4,1]]",24,4,8,12,0.9375000000000001,0.48412291827592646,9.032764802127623e-12,1.8657998746052726e-11,3,26.599999999999998,1.4568938065138324e-05,1.4568938065138068e-05,1.4568938065138068e-05,0.6949099688468363,1,41,0.030323753894145475,0.9375139946638509,-1.3994663850769307e-05,0.9359095967171529,0.0015904032828472081,0.8824332080840938,0.055066791915906355,0.6949099688468363,0.2425900311531638
