instance,n,seed,delta,ground_energy,checkpoint_energy,checkpoint_energy_error,checkpoint_parameter_gradient_norm,checkpoint_ambient_gradient_norm,checkpoint_projected_gradient_norm,checkpoint_chi,state_tangent_gradient_crosscheck,checkpoint_trajectory_step,checkpoint_gain_20,checkpoint_variation_20,checkpoint_threshold_20,old_tangent_rank,candidate_pool_size,candidate_cnot_each_side,candidate_parameters_added,same_state_error_max,same_energy_error_max,same_old_gradient_error_max,spearman_raw_gradient_gain50,spearman_pauli_gain50,spearman_gram_gain50,pauli_gram_selected_different,pauli_gram_rank_entries_changed,pauli_gram_max_rank_shift,random_expected_gain,random_expected_oracle_regret,random_selected_index,pauli_selected_index,gram_selected_index,oracle_index,runtime_seconds,peak_memory_mb,optimizer_message
xxz_n8_s20268804,8,20268804,1.0,-13.499730394751564,-11.21409193980466,2.2856384549469038,0.0018637339811726525,5.721746292363186,0.014154901340092764,6.120071551084164e-06,7.498460586447956e-15,194,6.245694108564237e-05,6.245694108564237e-05,0.0004571276909893808,36,12,7,24,0.0,0.0,0.0,0.8461538461538463,0.8251748251748254,0.8811188811188813,1,9,6.0,0.5919846240607556,0.4271972054957689,1,3,11,3,7.129990816116333,119.703125,CONVERGENCE: RELATIVE REDUCTION OF F <= FACTR*EPSMCH
xxz_n8_s20268841,8,20268841,1.0,-13.499730394751564,-11.214098447409471,2.285631947342093,0.0017418487424117578,5.721506499882086,0.008767182626212056,2.348006610482635e-06,9.239037893652162e-15,185,0.0001268180190727719,0.0001268180190727719,0.00045712638946841864,36,12,7,24,0.0,0.0,0.0,0.25874125874125875,0.5594405594405596,0.7482517482517484,1,11,7.0,0.5303625715062946,0.47227196546712624,0,10,6,10,7.064568758010864,120.1875,CONVERGENCE: RELATIVE REDUCTION OF F <= FACTR*EPSMCH
xxz_n8_s20268878,8,20268878,1.0,-13.499730394751564,-11.214116137262074,2.28561425748949,0.0014739534376881328,5.7211929084737365,0.0077657602301153894,1.8424460151815968e-06,6.333012968057197e-15,221,4.894928938092846e-05,4.894928938092846e-05,0.00045712285149789803,36,12,7,24,0.0,0.0,0.0,0.6433566433566434,0.7832167832167832,0.8741258741258742,0,5,3.0,0.5198215080456808,0.6245339666015944,1,11,11,11,7.24114990234375,120.265625,CONVERGENCE: RELATIVE REDUCTION OF F <= FACTR*EPSMCH
xxz_n8_s20268915,8,20268915,1.0,-13.499730394751564,-11.214049059610963,2.285681335140602,0.0016527413252327352,5.721489720382354,0.017658895875867803,9.525962062541261e-06,8.642649457787503e-15,185,0.00018985190880194125,0.00018985190880194125,0.0004571362670281204,36,12,7,24,0.0,0.0,0.0,0.7412587412587414,0.7902097902097903,0.8111888111888113,0,9,3.0,0.5646175493671377,0.535509672249856,11,4,4,4,7.1599531173706055,120.34375,CONVERGENCE: RELATIVE REDUCTION OF F <= FACTR*EPSMCH
xxz_n8_s20268952,8,20268952,1.0,-13.499730394751564,-11.214109929859546,2.285620464892018,0.0017358532180952943,5.721536333461561,0.010711463630510837,3.504873233198044e-06,9.949444380017029e-15,188,0.00016558886254536276,0.00016558886254536276,0.0004571240929784036,36,12,7,24,0.0,0.0,0.0,0.5454545454545455,0.7132867132867133,0.7132867132867133,0,7,5.0,0.6113371918363529,0.4781272704788123,3,3,3,11,7.176198959350586,120.390625,CONVERGENCE: RELATIVE REDUCTION OF F <= FACTR*EPSMCH
xxz_n10_s20270804,10,20270804,1.0,-17.032140829131556,-14.443014088356376,2.58912674077518,0.0017474831591275143,6.381065517623756,0.011270906725506503,3.1198326867022843e-06,1.475333112144235e-14,187,0.00019014913807957612,0.00019014913807957612,0.000517825348155036,46,12,9,30,0.0,0.0,0.0,0.5244755244755246,0.7972027972027973,0.7622377622377624,0,10,2.0,0.390612426019302,0.5581268250111777,2,4,4,4,11.61517071723938,136.375,CONVERGENCE: RELATIVE REDUCTION OF F <= FACTR*EPSMCH
xxz_n10_s20270841,10,20270841,1.0,-17.032140829131556,-14.443022434914994,2.5891183942165625,0.0012349185214793911,6.381139631595918,0.002375532024681557,1.3858789017620995e-07,1.722346111684013e-14,163,0.0004736649124161829,0.0004736649124161829,0.0005178236788433126,46,12,9,30,0.0,0.0,0.0,0.2797202797202798,0.3706293706293707,0.49650349650349657,0,7,3.0,0.4426481803025896,0.5634412664702417,6,7,7,7,10.498298168182373,136.515625,CONVERGENCE: RELATIVE REDUCTION OF F <= FACTR*EPSMCH
xxz_n10_s20270878,10,20270878,1.0,-17.032140829131556,-14.44302177272174,2.5891190564098157,0.0012002441442518414,6.381250554064299,0.0042542288462390655,4.4445735949815395e-07,1.8501189031274054e-14,175,0.0003556311748234009,0.0003556311748234009,0.0005178238112819632,46,12,9,30,0.0,0.0,0.0,0.5524475524475525,0.5244755244755246,0.7832167832167832,0,10,3.0,0.4265849042749011,0.5783958296014948,8,5,5,5,10.794125080108643,136.703125,CONVERGENCE: RELATIVE REDUCTION OF F <= FACTR*EPSMCH
xxz_n10_s20270915,10,20270915,1.0,-17.032140829131556,-14.443018628301967,2.589122200829589,0.0016980772252837084,6.381150409715946,0.00827423184330838,1.6813472128960989e-06,1.1825606119580843e-14,176,0.0003741886980090925,0.0003741886980090925,0.0005178244401659179,46,12,9,30,0.0,0.0,0.0,0.5664335664335665,0.6853146853146854,0.7272727272727274,1,10,6.0,0.4257494791753597,0.3063320897123443,4,7,9,0,10.813150882720947,136.875,CONVERGENCE: RELATIVE REDUCTION OF F <= FACTR*EPSMCH
xxz_n10_s20270952,10,20270952,1.0,-17.032140829131556,-14.443021993566386,2.58911883556517,0.001111198297897798,6.381184774775175,0.003433463220540763,2.8950905950586886e-07,1.4847532370423084e-14,165,0.000416580232077024,0.000416580232077024,0.0005178237671130341,46,12,9,30,0.0,0.0,0.0,-0.2797202797202798,-0.06993006993006995,0.3846153846153847,0,9,5.0,0.35045406795385886,0.08384209515742541,6,10,10,9,10.580839157104492,136.90625,CONVERGENCE: RELATIVE REDUCTION OF F <= FACTR*EPSMCH
xxz_n12_s20272804,12,20272804,1.0,-20.568362531362173,-17.47295397196735,3.095408559394823,0.0013196479390304124,7.1449433902105755,0.00791700080530971,1.2277891574587593e-06,3.018073040008509e-14,215,0.0001281529028034356,0.0001281529028034356,0.0006190817118789646,56,12,11,36,0.0,0.0,0.0,-0.1398601398601399,-0.21678321678321683,0.3426573426573427,1,11,4.0,0.5821650531092191,0.3412534620408385,0,4,2,0,31.272708892822266,206.734375,STOP: TOTAL NO. OF ITERATIONS REACHED LIMIT
xxz_n12_s20272841,12,20272841,1.0,-20.568362531362173,-17.47292500906453,3.095437522297644,0.0018751958521151227,7.145317121500112,0.007963851962687887,1.242233795888141e-06,3.0012543716216017e-14,300,0.0001150914017493676,0.0001150914017493676,0.0006190875044595288,56,12,11,36,0.0,0.0,0.0,0.2937062937062937,0.1258741258741259,0.5874125874125874,0,10,6.0,0.527186447191481,0.6020472374651341,7,5,5,5,31.23075294494629,206.8125,STOP: TOTAL NO. OF ITERATIONS REACHED LIMIT
xxz_n12_s20272878,12,20272878,1.0,-20.568362531362173,-17.472900080604504,3.095462450757669,0.0016646899738289227,7.145453633957064,0.006375310605691473,7.960550211259471e-07,4.437553035422e-14,195,0.00018811966191734086,0.00018811966191734086,0.0006190924901515339,56,12,11,36,0.0,0.0,0.0,0.31468531468531474,0.37762237762237766,0.3426573426573427,0,9,6.0,0.7048263752257844,0.554883082048705,10,2,2,2,31.193902730941772,206.859375,STOP: TOTAL NO. OF ITERATIONS REACHED LIMIT
xxz_n12_s20272915,12,20272915,1.0,-20.568362531362173,-17.472950287800128,3.095412243562045,0.0014679619192133097,7.145206573005026,0.006219763199069935,7.57736351754615e-07,3.2846610547228346e-14,254,5.2279313639047587e-05,5.2279313639047587e-05,0.000619082448712409,56,12,11,36,0.0,0.0,0.0,0.5594405594405596,0.7202797202797203,0.5804195804195805,0,8,3.0,0.7832904022360285,0.6152719363668719,10,6,6,2,31.191596031188965,206.953125,STOP: TOTAL NO. OF ITERATIONS REACHED LIMIT
xxz_n12_s20272952,12,20272952,1.0,-20.568362531362173,-17.47294776476829,3.0954147665938834,0.001163598812667408,7.145427275343158,0.006455600013731868,8.162380212937858e-07,2.6499801666539905e-14,225,0.00020524448491698877,0.00020524448491698877,0.0006190829533187767,56,12,11,36,0.0,0.0,0.0,0.07692307692307693,0.04895104895104895,0.49650349650349657,0,10,4.0,0.6697281728136764,0.3662386799952033,6,9,9,9,31.221625804901123,207.0625,STOP: TOTAL NO. OF ITERATIONS REACHED LIMIT
