instance,n,seed,method,candidate_index,candidate_name,parameters_added,cnot_added,post_steps,initial_energy,final_energy,final_energy_error,gain_50,gain_per_added_cnot,oracle_regret,recovery_success
xxz_n8_s20268804,8,20268804,no_augmentation,-1,none,0,0,50,-11.21409193980466,-11.214085034924864,2.2856453598267006,-6.904879796820751e-06,nan,1.0191887344363213,0
xxz_n8_s20268804,8,20268804,random,1,B01,24,14,50,-11.21409193980466,-11.881219261473074,1.6185111332784903,0.6671273216684135,0.04765195154774382,0.352054507888111,1
xxz_n8_s20268804,8,20268804,pauli,3,B03,24,14,50,-11.21409193980466,-12.233273769361185,1.2664566253903793,1.0191818295565245,0.07279870211118032,0.0,1
xxz_n8_s20268804,8,20268804,gram,11,B11,24,14,50,-11.21409193980466,-11.900315680548124,1.5994147142034407,0.686223740743463,0.04901598148167593,0.33295808881306144,1
xxz_n8_s20268804,8,20268804,oracle,3,B03,24,14,50,-11.21409193980466,-12.233273769361185,1.2664566253903793,1.0191818295565245,0.07279870211118032,0.0,1
xxz_n8_s20268841,8,20268841,no_augmentation,-1,none,0,0,50,-11.214098447409471,-11.214078278386737,2.285652116364828,-2.01690227346063e-05,nan,1.0026547059961555,0
xxz_n8_s20268841,8,20268841,random,0,B00,24,14,50,-11.214098447409471,-11.557948388452157,1.9417820062994071,0.34384994104268607,0.024560710074477576,0.6587845959307348,1
xxz_n8_s20268841,8,20268841,pauli,10,B10,24,14,50,-11.214098447409471,-12.216732984382892,1.2829974103686723,1.0026345369734209,0.07161675264095864,0.0,1
xxz_n8_s20268841,8,20268841,gram,6,B06,24,14,50,-11.214098447409471,-11.968127852244374,1.5316025425071906,0.7540294048349026,0.05385924320249304,0.24860513213851831,1
xxz_n8_s20268841,8,20268841,oracle,10,B10,24,14,50,-11.214098447409471,-12.216732984382892,1.2829974103686723,1.0026345369734209,0.07161675264095864,0.0,1
xxz_n8_s20268878,8,20268878,no_augmentation,-1,none,0,0,50,-11.214116137262074,-11.214053635444227,2.2856767593073375,-6.250181784750453e-05,nan,1.1444179764651228,0
xxz_n8_s20268878,8,20268878,random,1,B01,24,14,50,-11.214116137262074,-11.868284949750615,1.6314454450009492,0.6541688124885408,0.046726343749181484,0.4901866621587345,1
xxz_n8_s20268878,8,20268878,pauli,11,B11,24,14,50,-11.214116137262074,-12.35847161190935,1.1412587828422147,1.1443554746472753,0.08173967676051966,0.0,1
xxz_n8_s20268878,8,20268878,gram,11,B11,24,14,50,-11.214116137262074,-12.35847161190935,1.1412587828422147,1.1443554746472753,0.08173967676051966,0.0,1
xxz_n8_s20268878,8,20268878,oracle,11,B11,24,14,50,-11.214116137262074,-12.35847161190935,1.1412587828422147,1.1443554746472753,0.08173967676051966,0.0,1
xxz_n8_s20268915,8,20268915,no_augmentation,-1,none,0,0,50,-11.214049059610963,-11.214046708568006,2.2856836861835585,-2.351042956760807e-06,nan,1.1001295726599505,0
xxz_n8_s20268915,8,20268915,random,11,B11,24,14,50,-11.214049059610963,-11.876581861110463,1.6231485336411016,0.6625328014995002,0.047323771535678585,0.4375944201174935,1
xxz_n8_s20268915,8,20268915,pauli,4,B04,24,14,50,-11.214049059610963,-12.314176281227956,1.185554113523608,1.1001272216169937,0.07858051582978527,0.0,1
xxz_n8_s20268915,8,20268915,gram,4,B04,24,14,50,-11.214049059610963,-12.314176281227956,1.185554113523608,1.1001272216169937,0.07858051582978527,0.0,1
xxz_n8_s20268915,8,20268915,oracle,4,B04,24,14,50,-11.214049059610963,-12.314176281227956,1.185554113523608,1.1001272216169937,0.07858051582978527,0.0,1
xxz_n8_s20268952,8,20268952,no_augmentation,-1,none,0,0,50,-11.214109929859546,-11.21406848365011,2.285661911101455,-4.1446209436912795e-05,nan,1.0895059085246022,0
xxz_n8_s20268952,8,20268952,random,3,B03,24,14,50,-11.214109929859546,-11.989734769202233,1.5099956255493314,0.7756248393426866,0.05540177423876332,0.3138396229724787,1
xxz_n8_s20268952,8,20268952,pauli,3,B03,24,14,50,-11.214109929859546,-11.989734769202233,1.5099956255493314,0.7756248393426866,0.05540177423876332,0.3138396229724787,1
xxz_n8_s20268952,8,20268952,gram,3,B03,24,14,50,-11.214109929859546,-11.989734769202233,1.5099956255493314,0.7756248393426866,0.05540177423876332,0.3138396229724787,1
xxz_n8_s20268952,8,20268952,oracle,11,B11,24,14,50,-11.214109929859546,-12.303574392174712,1.1961560025768527,1.0894644623151652,0.07781889016536894,0.0,1
xxz_n10_s20270804,10,20270804,no_augmentation,-1,none,0,0,50,-14.443014088356376,-14.442929352059659,2.5892114770718972,-8.473629671712501e-05,nan,0.9488239873271969,0
xxz_n10_s20270804,10,20270804,random,2,B02,30,18,50,-14.443014088356376,-14.669377577420603,2.3627632517109536,0.22636348906422654,0.01257574939245703,0.7223757619662532,1
xxz_n10_s20270804,10,20270804,pauli,4,B04,30,18,50,-14.443014088356376,-15.391753339386856,1.6403874897447004,0.9487392510304797,0.052707736168359984,0.0,1
xxz_n10_s20270804,10,20270804,gram,4,B04,30,18,50,-14.443014088356376,-15.391753339386856,1.6403874897447004,0.9487392510304797,0.052707736168359984,0.0,1
xxz_n10_s20270804,10,20270804,oracle,4,B04,30,18,50,-14.443014088356376,-15.391753339386856,1.6403874897447004,0.9487392510304797,0.052707736168359984,0.0,1
xxz_n10_s20270841,10,20270841,no_augmentation,-1,none,0,0,50,-14.443022434914994,-14.442950001301673,2.589190827829883,-7.24336133206549e-05,nan,1.006161880386152,0
xxz_n10_s20270841,10,20270841,random,6,B06,30,18,50,-14.443022434914994,-14.796767276765312,2.2353735523662444,0.3537448418503182,0.019652491213906567,0.6523446049225132,1
xxz_n10_s20270841,10,20270841,pauli,7,B07,30,18,50,-14.443022434914994,-15.449111881687825,1.5830289474437311,1.0060894467728314,0.05589385815404619,0.0,1
xxz_n10_s20270841,10,20270841,gram,7,B07,30,18,50,-14.443022434914994,-15.449111881687825,1.5830289474437311,1.0060894467728314,0.05589385815404619,0.0,1
xxz_n10_s20270841,10,20270841,oracle,7,B07,30,18,50,-14.443022434914994,-15.449111881687825,1.5830289474437311,1.0060894467728314,0.05589385815404619,0.0,1
xxz_n10_s20270878,10,20270878,no_augmentation,-1,none,0,0,50,-14.44302177272174,-14.442940391460118,2.5892004376714386,-8.138126162293702e-05,nan,1.0050621151380188,0
xxz_n10_s20270878,10,20270878,random,8,B08,30,18,50,-14.44302177272174,-14.569384697829449,2.4627561313021076,0.12636292510770808,0.007020162505983783,0.8786178087686878,1
xxz_n10_s20270878,10,20270878,pauli,5,B05,30,18,50,-14.44302177272174,-15.448002506598137,1.5841383225334198,1.0049807338763959,0.055832262993133104,0.0,1
xxz_n10_s20270878,10,20270878,gram,5,B05,30,18,50,-14.44302177272174,-15.448002506598137,1.5841383225334198,1.0049807338763959,0.055832262993133104,0.0,1
xxz_n10_s20270878,10,20270878,oracle,5,B05,30,18,50,-14.44302177272174,-15.448002506598137,1.5841383225334198,1.0049807338763959,0.055832262993133104,0.0,1
xxz_n10_s20270915,10,20270915,no_augmentation,-1,none,0,0,50,-14.443018628301967,-14.442953591707775,2.589187237423781,-6.503659419188068e-05,nan,0.7321466054818959,0
xxz_n10_s20270915,10,20270915,random,4,B04,30,18,50,-14.443018628301967,-14.784172891228165,2.2479679379033914,0.34115426292619766,0.01895301460701098,0.3909273059615064,1
xxz_n10_s20270915,10,20270915,pauli,7,B07,30,18,50,-14.443018628301967,-14.854728817016706,2.17741201211485,0.4117101887147392,0.022872788261929955,0.32037138017296485,1
xxz_n10_s20270915,10,20270915,gram,9,B09,30,18,50,-14.443018628301967,-15.099500628518859,1.9326402006126973,0.6564820002168918,0.036471222234271766,0.07559956867081219,1
xxz_n10_s20270915,10,20270915,oracle,0,B00,30,18,50,-14.443018628301967,-15.175100197189671,1.857040631941885,0.732081568887704,0.040671198271539116,0.0,1
xxz_n10_s20270952,10,20270952,no_augmentation,-1,none,0,0,50,-14.443021993566386,-14.442941237822822,2.5891995913087342,-8.075574356425363e-05,nan,0.4343769188548485,0
xxz_n10_s20270952,10,20270952,random,6,B06,30,18,50,-14.443021993566386,-14.783871397872701,2.248269431258855,0.34084940430631505,0.018936078017017504,0.09344675880496922,1
xxz_n10_s20270952,10,20270952,pauli,10,B10,30,18,50,-14.443021993566386,-14.807233224771316,2.22490760436024,0.36421123120492993,0.020233957289162774,0.07008493190635434,1
xxz_n10_s20270952,10,20270952,gram,10,B10,30,18,50,-14.443021993566386,-14.807233224771316,2.22490760436024,0.36421123120492993,0.020233957289162774,0.07008493190635434,1
xxz_n10_s20270952,10,20270952,oracle,9,B09,30,18,50,-14.443021993566386,-14.87731815667767,2.1548226724538857,0.4342961631112843,0.02412756461729357,0.0,1
xxz_n12_s20272804,12,20272804,no_augmentation,-1,none,0,0,50,-17.47295397196735,-17.472878198512802,3.09548433284937,-7.577345454734541e-05,nan,0.9234942886046049,0
xxz_n12_s20272804,12,20272804,random,0,B00,36,22,50,-17.47295397196735,-18.396372487117407,2.1719900442447653,0.9234185151500576,0.04197356887045716,0.0,1
xxz_n12_s20272804,12,20272804,pauli,4,B04,36,22,50,-17.47295397196735,-17.947040860366826,2.6213216709953464,0.47408688839947644,0.02154940401815802,0.44933162675058114,1
xxz_n12_s20272804,12,20272804,gram,2,B02,36,22,50,-17.47295397196735,-18.15197236443016,2.416390166932011,0.6790183924628117,0.03086447238467326,0.24440012268724587,1
xxz_n12_s20272804,12,20272804,oracle,0,B00,36,22,50,-17.47295397196735,-18.396372487117407,2.1719900442447653,0.9234185151500576,0.04197356887045716,0.0,1
xxz_n12_s20272841,12,20272841,no_augmentation,-1,none,0,0,50,-17.47292500906453,-17.472838910462055,3.095523620900117,-8.60986024733279e-05,nan,1.1293197832590884,0
xxz_n12_s20272841,12,20272841,random,7,B07,36,22,50,-17.47292500906453,-17.91429152207856,2.654071009283612,0.4413665130140316,0.02006211422791053,0.6878671716425835,1
xxz_n12_s20272841,12,20272841,pauli,5,B05,36,22,50,-17.47292500906453,-18.602158693721144,1.9662038376410287,1.129233684656615,0.05132880384802796,0.0,1
xxz_n12_s20272841,12,20272841,gram,5,B05,36,22,50,-17.47292500906453,-18.602158693721144,1.9662038376410287,1.129233684656615,0.05132880384802796,0.0,1
xxz_n12_s20272841,12,20272841,oracle,5,B05,36,22,50,-17.47292500906453,-18.602158693721144,1.9662038376410287,1.129233684656615,0.05132880384802796,0.0,1
xxz_n12_s20272878,12,20272878,no_augmentation,-1,none,0,0,50,-17.472900080604504,-17.47286702410376,3.0954955072584127,-3.305650074381106e-05,nan,1.2597425137752332,0
xxz_n12_s20272878,12,20272878,random,10,B10,36,22,50,-17.472900080604504,-18.0951925155172,2.473170015844971,0.6222924349126977,0.028286019768758986,0.6374170223617917,1
xxz_n12_s20272878,12,20272878,pauli,2,B02,36,22,50,-17.472900080604504,-18.732609537878993,1.8357529934831796,1.2597094572744894,0.05725952078520406,0.0,1
xxz_n12_s20272878,12,20272878,gram,2,B02,36,22,50,-17.472900080604504,-18.732609537878993,1.8357529934831796,1.2597094572744894,0.05725952078520406,0.0,1
xxz_n12_s20272878,12,20272878,oracle,2,B02,36,22,50,-17.472900080604504,-18.732609537878993,1.8357529934831796,1.2597094572744894,0.05725952078520406,0.0,1
xxz_n12_s20272915,12,20272915,no_augmentation,-1,none,0,0,50,-17.472950287800128,-17.472874395062878,3.095488136299295,-7.589273725017165e-05,nan,1.3986382313401506,0
xxz_n12_s20272915,12,20272915,random,10,B10,36,22,50,-17.472950287800128,-17.937443197369614,2.6309193339925585,0.4644929095694863,0.021113314071340285,0.9340694290334142,1
xxz_n12_s20272915,12,20272915,pauli,6,B06,36,22,50,-17.472950287800128,-18.674283244512274,1.8940792868498981,1.2013329567121467,0.05460604348691576,0.19722938189075379,1
xxz_n12_s20272915,12,20272915,gram,6,B06,36,22,50,-17.472950287800128,-18.674283244512274,1.8940792868498981,1.2013329567121467,0.05460604348691576,0.19722938189075379,1
xxz_n12_s20272915,12,20272915,oracle,2,B02,36,22,50,-17.472950287800128,-18.871512626403028,1.6968499049591443,1.3985623386029005,0.06357101539104093,0.0,1
xxz_n12_s20272952,12,20272952,no_augmentation,-1,none,0,0,50,-17.47294776476829,-17.472846629450775,3.095515901911398,-0.00010113531751443361,nan,1.0360679881263941,0
xxz_n12_s20272952,12,20272952,random,6,B06,36,22,50,-17.47294776476829,-17.961388453226597,2.6069740781355755,0.4884406884583079,0.022201849475377632,0.5475261643505718,1
xxz_n12_s20272952,12,20272952,pauli,9,B09,36,22,50,-17.47294776476829,-18.50891461757717,2.0594479137850037,1.0359668528088797,0.04708940240040362,0.0,1
xxz_n12_s20272952,12,20272952,gram,9,B09,36,22,50,-17.47294776476829,-18.50891461757717,2.0594479137850037,1.0359668528088797,0.04708940240040362,0.0,1
xxz_n12_s20272952,12,20272952,oracle,9,B09,36,22,50,-17.47294776476829,-18.50891461757717,2.0594479137850037,1.0359668528088797,0.04708940240040362,0.0,1
